,NUM_AGE,TEXT_BANK,TARGET,COUNT
0,18,"Česká spořitelna, a.s.",0,44
1,18,"Česká spořitelna, a.s.",1,16
2,18,"Komerční banka, a.s.",0,14
3,18,"Komerční banka, a.s.",1,2
4,18,"Československá obchodní banka, a.s.",0,19
5,18,"Československá obchodní banka, a.s.",1,6
6,18,Equa bank a.s.,0,8
7,18,Equa bank a.s.,1,1
8,18,"MONETA Money Bank, a.s.",0,14
9,18,"MONETA Money Bank, a.s.",1,3
10,18,Raiffeisenbank a.s.,0,10
11,18,Raiffeisenbank a.s.,1,3
12,18,"UniCredit Bank Czech Republic and Slovakia, a.s.",0,6
13,18,"UniCredit Bank Czech Republic and Slovakia, a.s.",1,7
14,18,Air Bank a.s.,0,20
15,18,Air Bank a.s.,1,11
16,18,"Fio banka, a.s.",0,2
17,18,"Fio banka, a.s.",1,3
18,18,"mBank S.A., organizační složka",0,5
19,18,"mBank S.A., organizační složka",1,1
20,18,Anonymous Bank,0,0
21,18,Anonymous Bank,1,0
22,18,"Sberbank CZ, a.s.",0,0
23,18,"Sberbank CZ, a.s.",1,0
24,18,Waldviertler Sparkasse Bank AG,0,0
25,18,Waldviertler Sparkasse Bank AG,1,0
26,18,Banka CREDITAS a.s.,0,0
27,18,Banka CREDITAS a.s.,1,0
28,18,"BNP Paribas Personal Finance SA, odštěpný závod",0,0
29,18,"BNP Paribas Personal Finance SA, odštěpný závod",1,0
30,19,"Česká spořitelna, a.s.",0,39
31,19,"Česká spořitelna, a.s.",1,10
32,19,"Komerční banka, a.s.",0,16
33,19,"Komerční banka, a.s.",1,4
34,19,"Československá obchodní banka, a.s.",0,28
35,19,"Československá obchodní banka, a.s.",1,1
36,19,Equa bank a.s.,0,13
37,19,Equa bank a.s.,1,0
38,19,"MONETA Money Bank, a.s.",0,30
39,19,"MONETA Money Bank, a.s.",1,8
40,19,Raiffeisenbank a.s.,0,11
41,19,Raiffeisenbank a.s.,1,0
42,19,"UniCredit Bank Czech Republic and Slovakia, a.s.",0,11
43,19,"UniCredit Bank Czech Republic and Slovakia, a.s.",1,1
44,19,Air Bank a.s.,0,28
45,19,Air Bank a.s.,1,8
46,19,"Fio banka, a.s.",0,7
47,19,"Fio banka, a.s.",1,1
48,19,"mBank S.A., organizační složka",0,6
49,19,"mBank S.A., organizační složka",1,0
50,19,Anonymous Bank,0,0
51,19,Anonymous Bank,1,0
52,19,"Sberbank CZ, a.s.",0,0
53,19,"Sberbank CZ, a.s.",1,0
54,19,Waldviertler Sparkasse Bank AG,0,0
55,19,Waldviertler Sparkasse Bank AG,1,0
56,19,Banka CREDITAS a.s.,0,0
57,19,Banka CREDITAS a.s.,1,0
58,19,"BNP Paribas Personal Finance SA, odštěpný závod",0,0
59,19,"BNP Paribas Personal Finance SA, odštěpný závod",1,0
60,20,"Česká spořitelna, a.s.",0,66
61,20,"Česká spořitelna, a.s.",1,6
62,20,"Komerční banka, a.s.",0,21
63,20,"Komerční banka, a.s.",1,4
64,20,"Československá obchodní banka, a.s.",0,34
65,20,"Československá obchodní banka, a.s.",1,6
66,20,Equa bank a.s.,0,25
67,20,Equa bank a.s.,1,3
68,20,"MONETA Money Bank, a.s.",0,29
69,20,"MONETA Money Bank, a.s.",1,4
70,20,Raiffeisenbank a.s.,0,13
71,20,Raiffeisenbank a.s.,1,2
72,20,"UniCredit Bank Czech Republic and Slovakia, a.s.",0,16
73,20,"UniCredit Bank Czech Republic and Slovakia, a.s.",1,0
74,20,Air Bank a.s.,0,30
75,20,Air Bank a.s.,1,6
76,20,"Fio banka, a.s.",0,11
77,20,"Fio banka, a.s.",1,2
78,20,"mBank S.A., organizační složka",0,6
79,20,"mBank S.A., organizační složka",1,0
80,20,Anonymous Bank,0,0
81,20,Anonymous Bank,1,1
82,20,"Sberbank CZ, a.s.",0,0
83,20,"Sberbank CZ, a.s.",1,0
84,20,Waldviertler Sparkasse Bank AG,0,0
85,20,Waldviertler Sparkasse Bank AG,1,0
86,20,Banka CREDITAS a.s.,0,0
87,20,Banka CREDITAS a.s.,1,0
88,20,"BNP Paribas Personal Finance SA, odštěpný závod",0,0
89,20,"BNP Paribas Personal Finance SA, odštěpný závod",1,0
90,21,"Česká spořitelna, a.s.",0,57
91,21,"Česká spořitelna, a.s.",1,8
92,21,"Komerční banka, a.s.",0,26
93,21,"Komerční banka, a.s.",1,3
94,21,"Československá obchodní banka, a.s.",0,23
95,21,"Československá obchodní banka, a.s.",1,4
96,21,Equa bank a.s.,0,24
97,21,Equa bank a.s.,1,3
98,21,"MONETA Money Bank, a.s.",0,24
99,21,"MONETA Money Bank, a.s.",1,2
100,21,Raiffeisenbank a.s.,0,11
101,21,Raiffeisenbank a.s.,1,0
102,21,"UniCredit Bank Czech Republic and Slovakia, a.s.",0,12
103,21,"UniCredit Bank Czech Republic and Slovakia, a.s.",1,2
104,21,Air Bank a.s.,0,35
105,21,Air Bank a.s.,1,1
106,21,"Fio banka, a.s.",0,12
107,21,"Fio banka, a.s.",1,1
108,21,"mBank S.A., organizační složka",0,5
109,21,"mBank S.A., organizační složka",1,0
110,21,Anonymous Bank,0,3
111,21,Anonymous Bank,1,0
112,21,"Sberbank CZ, a.s.",0,0
113,21,"Sberbank CZ, a.s.",1,0
114,21,Waldviertler Sparkasse Bank AG,0,0
115,21,Waldviertler Sparkasse Bank AG,1,0
116,21,Banka CREDITAS a.s.,0,0
117,21,Banka CREDITAS a.s.,1,0
118,21,"BNP Paribas Personal Finance SA, odštěpný závod",0,0
119,21,"BNP Paribas Personal Finance SA, odštěpný závod",1,0
120,22,"Česká spořitelna, a.s.",0,63
121,22,"Česká spořitelna, a.s.",1,2
122,22,"Komerční banka, a.s.",0,20
123,22,"Komerční banka, a.s.",1,2
124,22,"Československá obchodní banka, a.s.",0,28
125,22,"Československá obchodní banka, a.s.",1,2
126,22,Equa bank a.s.,0,19
127,22,Equa bank a.s.,1,1
128,22,"MONETA Money Bank, a.s.",0,28
129,22,"MONETA Money Bank, a.s.",1,1
130,22,Raiffeisenbank a.s.,0,6
131,22,Raiffeisenbank a.s.,1,1
132,22,"UniCredit Bank Czech Republic and Slovakia, a.s.",0,7
133,22,"UniCredit Bank Czech Republic and Slovakia, a.s.",1,1
134,22,Air Bank a.s.,0,44
135,22,Air Bank a.s.,1,7
136,22,"Fio banka, a.s.",0,11
137,22,"Fio banka, a.s.",1,3
138,22,"mBank S.A., organizační složka",0,8
139,22,"mBank S.A., organizační složka",1,0
140,22,Anonymous Bank,0,1
141,22,Anonymous Bank,1,2
142,22,"Sberbank CZ, a.s.",0,0
143,22,"Sberbank CZ, a.s.",1,0
144,22,Waldviertler Sparkasse Bank AG,0,0
145,22,Waldviertler Sparkasse Bank AG,1,0
146,22,Banka CREDITAS a.s.,0,0
147,22,Banka CREDITAS a.s.,1,0
148,22,"BNP Paribas Personal Finance SA, odštěpný závod",0,0
149,22,"BNP Paribas Personal Finance SA, odštěpný závod",1,0
150,23,"Česká spořitelna, a.s.",0,67
151,23,"Česká spořitelna, a.s.",1,9
152,23,"Komerční banka, a.s.",0,23
153,23,"Komerční banka, a.s.",1,4
154,23,"Československá obchodní banka, a.s.",0,30
155,23,"Československá obchodní banka, a.s.",1,1
156,23,Equa bank a.s.,0,17
157,23,Equa bank a.s.,1,4
158,23,"MONETA Money Bank, a.s.",0,44
159,23,"MONETA Money Bank, a.s.",1,8
160,23,Raiffeisenbank a.s.,0,7
161,23,Raiffeisenbank a.s.,1,1
162,23,"UniCredit Bank Czech Republic and Slovakia, a.s.",0,4
163,23,"UniCredit Bank Czech Republic and Slovakia, a.s.",1,1
164,23,Air Bank a.s.,0,31
165,23,Air Bank a.s.,1,1
166,23,"Fio banka, a.s.",0,11
167,23,"Fio banka, a.s.",1,0
168,23,"mBank S.A., organizační složka",0,6
169,23,"mBank S.A., organizační složka",1,2
170,23,Anonymous Bank,0,1
171,23,Anonymous Bank,1,0
172,23,"Sberbank CZ, a.s.",0,0
173,23,"Sberbank CZ, a.s.",1,0
174,23,Waldviertler Sparkasse Bank AG,0,0
175,23,Waldviertler Sparkasse Bank AG,1,0
176,23,Banka CREDITAS a.s.,0,0
177,23,Banka CREDITAS a.s.,1,0
178,23,"BNP Paribas Personal Finance SA, odštěpný závod",0,1
179,23,"BNP Paribas Personal Finance SA, odštěpný závod",1,0
180,24,"Česká spořitelna, a.s.",0,56
181,24,"Česká spořitelna, a.s.",1,5
182,24,"Komerční banka, a.s.",0,18
183,24,"Komerční banka, a.s.",1,2
184,24,"Československá obchodní banka, a.s.",0,31
185,24,"Československá obchodní banka, a.s.",1,0
186,24,Equa bank a.s.,0,25
187,24,Equa bank a.s.,1,2
188,24,"MONETA Money Bank, a.s.",0,38
189,24,"MONETA Money Bank, a.s.",1,6
190,24,Raiffeisenbank a.s.,0,9
191,24,Raiffeisenbank a.s.,1,1
192,24,"UniCredit Bank Czech Republic and Slovakia, a.s.",0,8
193,24,"UniCredit Bank Czech Republic and Slovakia, a.s.",1,1
194,24,Air Bank a.s.,0,35
195,24,Air Bank a.s.,1,4
196,24,"Fio banka, a.s.",0,21
197,24,"Fio banka, a.s.",1,0
198,24,"mBank S.A., organizační složka",0,5
199,24,"mBank S.A., organizační složka",1,0
200,24,Anonymous Bank,0,0
201,24,Anonymous Bank,1,0
202,24,"Sberbank CZ, a.s.",0,0
203,24,"Sberbank CZ, a.s.",1,0
204,24,Waldviertler Sparkasse Bank AG,0,0
205,24,Waldviertler Sparkasse Bank AG,1,0
206,24,Banka CREDITAS a.s.,0,0
207,24,Banka CREDITAS a.s.,1,0
208,24,"BNP Paribas Personal Finance SA, odštěpný závod",0,1
209,24,"BNP Paribas Personal Finance SA, odštěpný závod",1,0
210,25,"Česká spořitelna, a.s.",0,56
211,25,"Česká spořitelna, a.s.",1,5
212,25,"Komerční banka, a.s.",0,17
213,25,"Komerční banka, a.s.",1,3
214,25,"Československá obchodní banka, a.s.",0,24
215,25,"Československá obchodní banka, a.s.",1,0
216,25,Equa bank a.s.,0,20
217,25,Equa bank a.s.,1,1
218,25,"MONETA Money Bank, a.s.",0,47
219,25,"MONETA Money Bank, a.s.",1,3
220,25,Raiffeisenbank a.s.,0,9
221,25,Raiffeisenbank a.s.,1,2
222,25,"UniCredit Bank Czech Republic and Slovakia, a.s.",0,10
223,25,"UniCredit Bank Czech Republic and Slovakia, a.s.",1,1
224,25,Air Bank a.s.,0,37
225,25,Air Bank a.s.,1,5
226,25,"Fio banka, a.s.",0,14
227,25,"Fio banka, a.s.",1,3
228,25,"mBank S.A., organizační složka",0,9
229,25,"mBank S.A., organizační složka",1,0
230,25,Anonymous Bank,0,1
231,25,Anonymous Bank,1,0
232,25,"Sberbank CZ, a.s.",0,1
233,25,"Sberbank CZ, a.s.",1,0
234,25,Waldviertler Sparkasse Bank AG,0,1
235,25,Waldviertler Sparkasse Bank AG,1,0
236,25,Banka CREDITAS a.s.,0,1
237,25,Banka CREDITAS a.s.,1,0
238,25,"BNP Paribas Personal Finance SA, odštěpný závod",0,0
239,25,"BNP Paribas Personal Finance SA, odštěpný závod",1,0
240,26,"Česká spořitelna, a.s.",0,50
241,26,"Česká spořitelna, a.s.",1,8
242,26,"Komerční banka, a.s.",0,28
243,26,"Komerční banka, a.s.",1,5
244,26,"Československá obchodní banka, a.s.",0,26
245,26,"Československá obchodní banka, a.s.",1,4
246,26,Equa bank a.s.,0,13
247,26,Equa bank a.s.,1,2
248,26,"MONETA Money Bank, a.s.",0,33
249,26,"MONETA Money Bank, a.s.",1,1
250,26,Raiffeisenbank a.s.,0,9
251,26,Raiffeisenbank a.s.,1,1
252,26,"UniCredit Bank Czech Republic and Slovakia, a.s.",0,5
253,26,"UniCredit Bank Czech Republic and Slovakia, a.s.",1,1
254,26,Air Bank a.s.,0,37
255,26,Air Bank a.s.,1,2
256,26,"Fio banka, a.s.",0,18
257,26,"Fio banka, a.s.",1,0
258,26,"mBank S.A., organizační složka",0,7
259,26,"mBank S.A., organizační složka",1,1
260,26,Anonymous Bank,0,1
261,26,Anonymous Bank,1,0
262,26,"Sberbank CZ, a.s.",0,2
263,26,"Sberbank CZ, a.s.",1,0
264,26,Waldviertler Sparkasse Bank AG,0,0
265,26,Waldviertler Sparkasse Bank AG,1,0
266,26,Banka CREDITAS a.s.,0,0
267,26,Banka CREDITAS a.s.,1,0
268,26,"BNP Paribas Personal Finance SA, odštěpný závod",0,0
269,26,"BNP Paribas Personal Finance SA, odštěpný závod",1,0
270,27,"Česká spořitelna, a.s.",0,62
271,27,"Česká spořitelna, a.s.",1,5
272,27,"Komerční banka, a.s.",0,28
273,27,"Komerční banka, a.s.",1,0
274,27,"Československá obchodní banka, a.s.",0,28
275,27,"Československá obchodní banka, a.s.",1,2
276,27,Equa bank a.s.,0,25
277,27,Equa bank a.s.,1,0
278,27,"MONETA Money Bank, a.s.",0,32
279,27,"MONETA Money Bank, a.s.",1,1
280,27,Raiffeisenbank a.s.,0,13
281,27,Raiffeisenbank a.s.,1,3
282,27,"UniCredit Bank Czech Republic and Slovakia, a.s.",0,5
283,27,"UniCredit Bank Czech Republic and Slovakia, a.s.",1,1
284,27,Air Bank a.s.,0,28
285,27,Air Bank a.s.,1,4
286,27,"Fio banka, a.s.",0,12
287,27,"Fio banka, a.s.",1,1
288,27,"mBank S.A., organizační složka",0,9
289,27,"mBank S.A., organizační složka",1,0
290,27,Anonymous Bank,0,1
291,27,Anonymous Bank,1,0
292,27,"Sberbank CZ, a.s.",0,0
293,27,"Sberbank CZ, a.s.",1,0
294,27,Waldviertler Sparkasse Bank AG,0,1
295,27,Waldviertler Sparkasse Bank AG,1,0
296,27,Banka CREDITAS a.s.,0,0
297,27,Banka CREDITAS a.s.,1,0
298,27,"BNP Paribas Personal Finance SA, odštěpný závod",0,1
299,27,"BNP Paribas Personal Finance SA, odštěpný závod",1,1
300,28,"Česká spořitelna, a.s.",0,44
301,28,"Česká spořitelna, a.s.",1,5
302,28,"Komerční banka, a.s.",0,24
303,28,"Komerční banka, a.s.",1,0
304,28,"Československá obchodní banka, a.s.",0,20
305,28,"Československá obchodní banka, a.s.",1,0
306,28,Equa bank a.s.,0,16
307,28,Equa bank a.s.,1,2
308,28,"MONETA Money Bank, a.s.",0,29
309,28,"MONETA Money Bank, a.s.",1,2
310,28,Raiffeisenbank a.s.,0,11
311,28,Raiffeisenbank a.s.,1,1
312,28,"UniCredit Bank Czech Republic and Slovakia, a.s.",0,6
313,28,"UniCredit Bank Czech Republic and Slovakia, a.s.",1,0
314,28,Air Bank a.s.,0,27
315,28,Air Bank a.s.,1,3
316,28,"Fio banka, a.s.",0,10
317,28,"Fio banka, a.s.",1,1
318,28,"mBank S.A., organizační složka",0,4
319,28,"mBank S.A., organizační složka",1,0
320,28,Anonymous Bank,0,1
321,28,Anonymous Bank,1,2
322,28,"Sberbank CZ, a.s.",0,1
323,28,"Sberbank CZ, a.s.",1,0
324,28,Waldviertler Sparkasse Bank AG,0,0
325,28,Waldviertler Sparkasse Bank AG,1,0
326,28,Banka CREDITAS a.s.,0,0
327,28,Banka CREDITAS a.s.,1,0
328,28,"BNP Paribas Personal Finance SA, odštěpný závod",0,1
329,28,"BNP Paribas Personal Finance SA, odštěpný závod",1,1
330,29,"Česká spořitelna, a.s.",0,38
331,29,"Česká spořitelna, a.s.",1,2
332,29,"Komerční banka, a.s.",0,15
333,29,"Komerční banka, a.s.",1,1
334,29,"Československá obchodní banka, a.s.",0,22
335,29,"Československá obchodní banka, a.s.",1,1
336,29,Equa bank a.s.,0,12
337,29,Equa bank a.s.,1,2
338,29,"MONETA Money Bank, a.s.",0,23
339,29,"MONETA Money Bank, a.s.",1,1
340,29,Raiffeisenbank a.s.,0,10
341,29,Raiffeisenbank a.s.,1,4
342,29,"UniCredit Bank Czech Republic and Slovakia, a.s.",0,8
343,29,"UniCredit Bank Czech Republic and Slovakia, a.s.",1,0
344,29,Air Bank a.s.,0,29
345,29,Air Bank a.s.,1,1
346,29,"Fio banka, a.s.",0,9
347,29,"Fio banka, a.s.",1,1
348,29,"mBank S.A., organizační složka",0,4
349,29,"mBank S.A., organizační složka",1,3
350,29,Anonymous Bank,0,0
351,29,Anonymous Bank,1,1
352,29,"Sberbank CZ, a.s.",0,0
353,29,"Sberbank CZ, a.s.",1,0
354,29,Waldviertler Sparkasse Bank AG,0,0
355,29,Waldviertler Sparkasse Bank AG,1,0
356,29,Banka CREDITAS a.s.,0,0
357,29,Banka CREDITAS a.s.,1,0
358,29,"BNP Paribas Personal Finance SA, odštěpný závod",0,0
359,29,"BNP Paribas Personal Finance SA, odštěpný závod",1,0
360,30,"Česká spořitelna, a.s.",0,41
361,30,"Česká spořitelna, a.s.",1,1
362,30,"Komerční banka, a.s.",0,17
363,30,"Komerční banka, a.s.",1,3
364,30,"Československá obchodní banka, a.s.",0,17
365,30,"Československá obchodní banka, a.s.",1,2
366,30,Equa bank a.s.,0,10
367,30,Equa bank a.s.,1,1
368,30,"MONETA Money Bank, a.s.",0,28
369,30,"MONETA Money Bank, a.s.",1,4
370,30,Raiffeisenbank a.s.,0,4
371,30,Raiffeisenbank a.s.,1,1
372,30,"UniCredit Bank Czech Republic and Slovakia, a.s.",0,7
373,30,"UniCredit Bank Czech Republic and Slovakia, a.s.",1,0
374,30,Air Bank a.s.,0,21
375,30,Air Bank a.s.,1,3
376,30,"Fio banka, a.s.",0,7
377,30,"Fio banka, a.s.",1,0
378,30,"mBank S.A., organizační složka",0,5
379,30,"mBank S.A., organizační složka",1,0
380,30,Anonymous Bank,0,0
381,30,Anonymous Bank,1,0
382,30,"Sberbank CZ, a.s.",0,0
383,30,"Sberbank CZ, a.s.",1,0
384,30,Waldviertler Sparkasse Bank AG,0,0
385,30,Waldviertler Sparkasse Bank AG,1,0
386,30,Banka CREDITAS a.s.,0,0
387,30,Banka CREDITAS a.s.,1,0
388,30,"BNP Paribas Personal Finance SA, odštěpný závod",0,1
389,30,"BNP Paribas Personal Finance SA, odštěpný závod",1,0
390,31,"Česká spořitelna, a.s.",0,33
391,31,"Česká spořitelna, a.s.",1,3
392,31,"Komerční banka, a.s.",0,15
393,31,"Komerční banka, a.s.",1,1
394,31,"Československá obchodní banka, a.s.",0,13
395,31,"Československá obchodní banka, a.s.",1,1
396,31,Equa bank a.s.,0,7
397,31,Equa bank a.s.,1,0
398,31,"MONETA Money Bank, a.s.",0,16
399,31,"MONETA Money Bank, a.s.",1,0
400,31,Raiffeisenbank a.s.,0,13
401,31,Raiffeisenbank a.s.,1,1
402,31,"UniCredit Bank Czech Republic and Slovakia, a.s.",0,1
403,31,"UniCredit Bank Czech Republic and Slovakia, a.s.",1,0
404,31,Air Bank a.s.,0,20
405,31,Air Bank a.s.,1,2
406,31,"Fio banka, a.s.",0,6
407,31,"Fio banka, a.s.",1,0
408,31,"mBank S.A., organizační složka",0,3
409,31,"mBank S.A., organizační složka",1,0
410,31,Anonymous Bank,0,1
411,31,Anonymous Bank,1,0
412,31,"Sberbank CZ, a.s.",0,0
413,31,"Sberbank CZ, a.s.",1,0
414,31,Waldviertler Sparkasse Bank AG,0,0
415,31,Waldviertler Sparkasse Bank AG,1,0
416,31,Banka CREDITAS a.s.,0,0
417,31,Banka CREDITAS a.s.,1,0
418,31,"BNP Paribas Personal Finance SA, odštěpný závod",0,0
419,31,"BNP Paribas Personal Finance SA, odštěpný závod",1,0
420,32,"Česká spořitelna, a.s.",0,27
421,32,"Česká spořitelna, a.s.",1,4
422,32,"Komerční banka, a.s.",0,12
423,32,"Komerční banka, a.s.",1,1
424,32,"Československá obchodní banka, a.s.",0,19
425,32,"Československá obchodní banka, a.s.",1,0
426,32,Equa bank a.s.,0,7
427,32,Equa bank a.s.,1,0
428,32,"MONETA Money Bank, a.s.",0,11
429,32,"MONETA Money Bank, a.s.",1,4
430,32,Raiffeisenbank a.s.,0,7
431,32,Raiffeisenbank a.s.,1,1
432,32,"UniCredit Bank Czech Republic and Slovakia, a.s.",0,7
433,32,"UniCredit Bank Czech Republic and Slovakia, a.s.",1,0
434,32,Air Bank a.s.,0,25
435,32,Air Bank a.s.,1,1
436,32,"Fio banka, a.s.",0,2
437,32,"Fio banka, a.s.",1,2
438,32,"mBank S.A., organizační složka",0,5
439,32,"mBank S.A., organizační složka",1,0
440,32,Anonymous Bank,0,0
441,32,Anonymous Bank,1,1
442,32,"Sberbank CZ, a.s.",0,0
443,32,"Sberbank CZ, a.s.",1,0
444,32,Waldviertler Sparkasse Bank AG,0,1
445,32,Waldviertler Sparkasse Bank AG,1,0
446,32,Banka CREDITAS a.s.,0,0
447,32,Banka CREDITAS a.s.,1,0
448,32,"BNP Paribas Personal Finance SA, odštěpný závod",0,0
449,32,"BNP Paribas Personal Finance SA, odštěpný závod",1,0
450,33,"Česká spořitelna, a.s.",0,32
451,33,"Česká spořitelna, a.s.",1,1
452,33,"Komerční banka, a.s.",0,18
453,33,"Komerční banka, a.s.",1,0
454,33,"Československá obchodní banka, a.s.",0,11
455,33,"Československá obchodní banka, a.s.",1,2
456,33,Equa bank a.s.,0,6
457,33,Equa bank a.s.,1,1
458,33,"MONETA Money Bank, a.s.",0,13
459,33,"MONETA Money Bank, a.s.",1,0
460,33,Raiffeisenbank a.s.,0,5
461,33,Raiffeisenbank a.s.,1,0
462,33,"UniCredit Bank Czech Republic and Slovakia, a.s.",0,7
463,33,"UniCredit Bank Czech Republic and Slovakia, a.s.",1,0
464,33,Air Bank a.s.,0,24
465,33,Air Bank a.s.,1,1
466,33,"Fio banka, a.s.",0,9
467,33,"Fio banka, a.s.",1,1
468,33,"mBank S.A., organizační složka",0,2
469,33,"mBank S.A., organizační složka",1,0
470,33,Anonymous Bank,0,0
471,33,Anonymous Bank,1,0
472,33,"Sberbank CZ, a.s.",0,1
473,33,"Sberbank CZ, a.s.",1,0
474,33,Waldviertler Sparkasse Bank AG,0,0
475,33,Waldviertler Sparkasse Bank AG,1,0
476,33,Banka CREDITAS a.s.,0,0
477,33,Banka CREDITAS a.s.,1,0
478,33,"BNP Paribas Personal Finance SA, odštěpný závod",0,0
479,33,"BNP Paribas Personal Finance SA, odštěpný závod",1,0
480,34,"Česká spořitelna, a.s.",0,19
481,34,"Česká spořitelna, a.s.",1,0
482,34,"Komerční banka, a.s.",0,13
483,34,"Komerční banka, a.s.",1,2
484,34,"Československá obchodní banka, a.s.",0,8
485,34,"Československá obchodní banka, a.s.",1,1
486,34,Equa bank a.s.,0,6
487,34,Equa bank a.s.,1,1
488,34,"MONETA Money Bank, a.s.",0,18
489,34,"MONETA Money Bank, a.s.",1,0
490,34,Raiffeisenbank a.s.,0,5
491,34,Raiffeisenbank a.s.,1,2
492,34,"UniCredit Bank Czech Republic and Slovakia, a.s.",0,3
493,34,"UniCredit Bank Czech Republic and Slovakia, a.s.",1,1
494,34,Air Bank a.s.,0,11
495,34,Air Bank a.s.,1,1
496,34,"Fio banka, a.s.",0,2
497,34,"Fio banka, a.s.",1,0
498,34,"mBank S.A., organizační složka",0,4
499,34,"mBank S.A., organizační složka",1,3
500,34,Anonymous Bank,0,1
501,34,Anonymous Bank,1,0
502,34,"Sberbank CZ, a.s.",0,1
503,34,"Sberbank CZ, a.s.",1,0
504,34,Waldviertler Sparkasse Bank AG,0,0
505,34,Waldviertler Sparkasse Bank AG,1,0
506,34,Banka CREDITAS a.s.,0,0
507,34,Banka CREDITAS a.s.,1,0
508,34,"BNP Paribas Personal Finance SA, odštěpný závod",0,0
509,34,"BNP Paribas Personal Finance SA, odštěpný závod",1,0
510,35,"Česká spořitelna, a.s.",0,24
511,35,"Česká spořitelna, a.s.",1,1
512,35,"Komerční banka, a.s.",0,10
513,35,"Komerční banka, a.s.",1,1
514,35,"Československá obchodní banka, a.s.",0,18
515,35,"Československá obchodní banka, a.s.",1,1
516,35,Equa bank a.s.,0,4
517,35,Equa bank a.s.,1,0
518,35,"MONETA Money Bank, a.s.",0,11
519,35,"MONETA Money Bank, a.s.",1,1
520,35,Raiffeisenbank a.s.,0,7
521,35,Raiffeisenbank a.s.,1,1
522,35,"UniCredit Bank Czech Republic and Slovakia, a.s.",0,6
523,35,"UniCredit Bank Czech Republic and Slovakia, a.s.",1,0
524,35,Air Bank a.s.,0,11
525,35,Air Bank a.s.,1,2
526,35,"Fio banka, a.s.",0,10
527,35,"Fio banka, a.s.",1,0
528,35,"mBank S.A., organizační složka",0,1
529,35,"mBank S.A., organizační složka",1,1
530,35,Anonymous Bank,0,0
531,35,Anonymous Bank,1,0
532,35,"Sberbank CZ, a.s.",0,0
533,35,"Sberbank CZ, a.s.",1,0
534,35,Waldviertler Sparkasse Bank AG,0,0
535,35,Waldviertler Sparkasse Bank AG,1,0
536,35,Banka CREDITAS a.s.,0,0
537,35,Banka CREDITAS a.s.,1,0
538,35,"BNP Paribas Personal Finance SA, odštěpný závod",0,0
539,35,"BNP Paribas Personal Finance SA, odštěpný závod",1,0
540,36,"Česká spořitelna, a.s.",0,31
541,36,"Česká spořitelna, a.s.",1,6
542,36,"Komerční banka, a.s.",0,11
543,36,"Komerční banka, a.s.",1,1
544,36,"Československá obchodní banka, a.s.",0,8
545,36,"Československá obchodní banka, a.s.",1,1
546,36,Equa bank a.s.,0,6
547,36,Equa bank a.s.,1,0
548,36,"MONETA Money Bank, a.s.",0,9
549,36,"MONETA Money Bank, a.s.",1,1
550,36,Raiffeisenbank a.s.,0,6
551,36,Raiffeisenbank a.s.,1,0
552,36,"UniCredit Bank Czech Republic and Slovakia, a.s.",0,2
553,36,"UniCredit Bank Czech Republic and Slovakia, a.s.",1,0
554,36,Air Bank a.s.,0,10
555,36,Air Bank a.s.,1,1
556,36,"Fio banka, a.s.",0,4
557,36,"Fio banka, a.s.",1,0
558,36,"mBank S.A., organizační složka",0,4
559,36,"mBank S.A., organizační složka",1,0
560,36,Anonymous Bank,0,1
561,36,Anonymous Bank,1,0
562,36,"Sberbank CZ, a.s.",0,0
563,36,"Sberbank CZ, a.s.",1,0
564,36,Waldviertler Sparkasse Bank AG,0,0
565,36,Waldviertler Sparkasse Bank AG,1,0
566,36,Banka CREDITAS a.s.,0,0
567,36,Banka CREDITAS a.s.,1,0
568,36,"BNP Paribas Personal Finance SA, odštěpný závod",0,0
569,36,"BNP Paribas Personal Finance SA, odštěpný závod",1,0
570,37,"Česká spořitelna, a.s.",0,14
571,37,"Česká spořitelna, a.s.",1,1
572,37,"Komerční banka, a.s.",0,9
573,37,"Komerční banka, a.s.",1,0
574,37,"Československá obchodní banka, a.s.",0,8
575,37,"Československá obchodní banka, a.s.",1,0
576,37,Equa bank a.s.,0,4
577,37,Equa bank a.s.,1,2
578,37,"MONETA Money Bank, a.s.",0,13
579,37,"MONETA Money Bank, a.s.",1,0
580,37,Raiffeisenbank a.s.,0,3
581,37,Raiffeisenbank a.s.,1,0
582,37,"UniCredit Bank Czech Republic and Slovakia, a.s.",0,4
583,37,"UniCredit Bank Czech Republic and Slovakia, a.s.",1,0
584,37,Air Bank a.s.,0,11
585,37,Air Bank a.s.,1,0
586,37,"Fio banka, a.s.",0,5
587,37,"Fio banka, a.s.",1,1
588,37,"mBank S.A., organizační složka",0,1
589,37,"mBank S.A., organizační složka",1,0
590,37,Anonymous Bank,0,1
591,37,Anonymous Bank,1,0
592,37,"Sberbank CZ, a.s.",0,1
593,37,"Sberbank CZ, a.s.",1,0
594,37,Waldviertler Sparkasse Bank AG,0,0
595,37,Waldviertler Sparkasse Bank AG,1,0
596,37,Banka CREDITAS a.s.,0,0
597,37,Banka CREDITAS a.s.,1,0
598,37,"BNP Paribas Personal Finance SA, odštěpný závod",0,0
599,37,"BNP Paribas Personal Finance SA, odštěpný závod",1,0
600,38,"Česká spořitelna, a.s.",0,18
601,38,"Česká spořitelna, a.s.",1,1
602,38,"Komerční banka, a.s.",0,10
603,38,"Komerční banka, a.s.",1,0
604,38,"Československá obchodní banka, a.s.",0,13
605,38,"Československá obchodní banka, a.s.",1,0
606,38,Equa bank a.s.,0,5
607,38,Equa bank a.s.,1,0
608,38,"MONETA Money Bank, a.s.",0,12
609,38,"MONETA Money Bank, a.s.",1,0
610,38,Raiffeisenbank a.s.,0,6
611,38,Raiffeisenbank a.s.,1,0
612,38,"UniCredit Bank Czech Republic and Slovakia, a.s.",0,1
613,38,"UniCredit Bank Czech Republic and Slovakia, a.s.",1,0
614,38,Air Bank a.s.,0,8
615,38,Air Bank a.s.,1,0
616,38,"Fio banka, a.s.",0,4
617,38,"Fio banka, a.s.",1,0
618,38,"mBank S.A., organizační složka",0,4
619,38,"mBank S.A., organizační složka",1,0
620,38,Anonymous Bank,0,1
621,38,Anonymous Bank,1,0
622,38,"Sberbank CZ, a.s.",0,0
623,38,"Sberbank CZ, a.s.",1,0
624,38,Waldviertler Sparkasse Bank AG,0,0
625,38,Waldviertler Sparkasse Bank AG,1,0
626,38,Banka CREDITAS a.s.,0,0
627,38,Banka CREDITAS a.s.,1,0
628,38,"BNP Paribas Personal Finance SA, odštěpný závod",0,0
629,38,"BNP Paribas Personal Finance SA, odštěpný závod",1,0
630,39,"Česká spořitelna, a.s.",0,15
631,39,"Česká spořitelna, a.s.",1,2
632,39,"Komerční banka, a.s.",0,9
633,39,"Komerční banka, a.s.",1,0
634,39,"Československá obchodní banka, a.s.",0,10
635,39,"Československá obchodní banka, a.s.",1,0
636,39,Equa bank a.s.,0,6
637,39,Equa bank a.s.,1,0
638,39,"MONETA Money Bank, a.s.",0,14
639,39,"MONETA Money Bank, a.s.",1,0
640,39,Raiffeisenbank a.s.,0,2
641,39,Raiffeisenbank a.s.,1,1
642,39,"UniCredit Bank Czech Republic and Slovakia, a.s.",0,4
643,39,"UniCredit Bank Czech Republic and Slovakia, a.s.",1,0
644,39,Air Bank a.s.,0,6
645,39,Air Bank a.s.,1,1
646,39,"Fio banka, a.s.",0,1
647,39,"Fio banka, a.s.",1,0
648,39,"mBank S.A., organizační složka",0,2
649,39,"mBank S.A., organizační složka",1,0
650,39,Anonymous Bank,0,1
651,39,Anonymous Bank,1,0
652,39,"Sberbank CZ, a.s.",0,0
653,39,"Sberbank CZ, a.s.",1,0
654,39,Waldviertler Sparkasse Bank AG,0,0
655,39,Waldviertler Sparkasse Bank AG,1,0
656,39,Banka CREDITAS a.s.,0,1
657,39,Banka CREDITAS a.s.,1,0
658,39,"BNP Paribas Personal Finance SA, odštěpný závod",0,0
659,39,"BNP Paribas Personal Finance SA, odštěpný závod",1,0
660,40,"Česká spořitelna, a.s.",0,16
661,40,"Česká spořitelna, a.s.",1,1
662,40,"Komerční banka, a.s.",0,11
663,40,"Komerční banka, a.s.",1,0
664,40,"Československá obchodní banka, a.s.",0,2
665,40,"Československá obchodní banka, a.s.",1,2
666,40,Equa bank a.s.,0,1
667,40,Equa bank a.s.,1,1
668,40,"MONETA Money Bank, a.s.",0,15
669,40,"MONETA Money Bank, a.s.",1,0
670,40,Raiffeisenbank a.s.,0,4
671,40,Raiffeisenbank a.s.,1,1
672,40,"UniCredit Bank Czech Republic and Slovakia, a.s.",0,6
673,40,"UniCredit Bank Czech Republic and Slovakia, a.s.",1,0
674,40,Air Bank a.s.,0,12
675,40,Air Bank a.s.,1,1
676,40,"Fio banka, a.s.",0,4
677,40,"Fio banka, a.s.",1,1
678,40,"mBank S.A., organizační složka",0,2
679,40,"mBank S.A., organizační složka",1,1
680,40,Anonymous Bank,0,1
681,40,Anonymous Bank,1,0
682,40,"Sberbank CZ, a.s.",0,1
683,40,"Sberbank CZ, a.s.",1,0
684,40,Waldviertler Sparkasse Bank AG,0,0
685,40,Waldviertler Sparkasse Bank AG,1,0
686,40,Banka CREDITAS a.s.,0,1
687,40,Banka CREDITAS a.s.,1,0
688,40,"BNP Paribas Personal Finance SA, odštěpný závod",0,0
689,40,"BNP Paribas Personal Finance SA, odštěpný závod",1,0
690,41,"Česká spořitelna, a.s.",0,19
691,41,"Česká spořitelna, a.s.",1,4
692,41,"Komerční banka, a.s.",0,3
693,41,"Komerční banka, a.s.",1,0
694,41,"Československá obchodní banka, a.s.",0,9
695,41,"Československá obchodní banka, a.s.",1,1
696,41,Equa bank a.s.,0,2
697,41,Equa bank a.s.,1,0
698,41,"MONETA Money Bank, a.s.",0,6
699,41,"MONETA Money Bank, a.s.",1,0
700,41,Raiffeisenbank a.s.,0,6
701,41,Raiffeisenbank a.s.,1,0
702,41,"UniCredit Bank Czech Republic and Slovakia, a.s.",0,1
703,41,"UniCredit Bank Czech Republic and Slovakia, a.s.",1,0
704,41,Air Bank a.s.,0,5
705,41,Air Bank a.s.,1,0
706,41,"Fio banka, a.s.",0,3
707,41,"Fio banka, a.s.",1,0
708,41,"mBank S.A., organizační složka",0,3
709,41,"mBank S.A., organizační složka",1,0
710,41,Anonymous Bank,0,0
711,41,Anonymous Bank,1,0
712,41,"Sberbank CZ, a.s.",0,2
713,41,"Sberbank CZ, a.s.",1,0
714,41,Waldviertler Sparkasse Bank AG,0,0
715,41,Waldviertler Sparkasse Bank AG,1,0
716,41,Banka CREDITAS a.s.,0,0
717,41,Banka CREDITAS a.s.,1,0
718,41,"BNP Paribas Personal Finance SA, odštěpný závod",0,0
719,41,"BNP Paribas Personal Finance SA, odštěpný závod",1,0
720,42,"Česká spořitelna, a.s.",0,16
721,42,"Česká spořitelna, a.s.",1,3
722,42,"Komerční banka, a.s.",0,4
723,42,"Komerční banka, a.s.",1,1
724,42,"Československá obchodní banka, a.s.",0,13
725,42,"Československá obchodní banka, a.s.",1,0
726,42,Equa bank a.s.,0,4
727,42,Equa bank a.s.,1,0
728,42,"MONETA Money Bank, a.s.",0,6
729,42,"MONETA Money Bank, a.s.",1,2
730,42,Raiffeisenbank a.s.,0,10
731,42,Raiffeisenbank a.s.,1,1
732,42,"UniCredit Bank Czech Republic and Slovakia, a.s.",0,1
733,42,"UniCredit Bank Czech Republic and Slovakia, a.s.",1,0
734,42,Air Bank a.s.,0,2
735,42,Air Bank a.s.,1,0
736,42,"Fio banka, a.s.",0,2
737,42,"Fio banka, a.s.",1,0
738,42,"mBank S.A., organizační složka",0,0
739,42,"mBank S.A., organizační složka",1,0
740,42,Anonymous Bank,0,1
741,42,Anonymous Bank,1,0
742,42,"Sberbank CZ, a.s.",0,0
743,42,"Sberbank CZ, a.s.",1,0
744,42,Waldviertler Sparkasse Bank AG,0,0
745,42,Waldviertler Sparkasse Bank AG,1,0
746,42,Banka CREDITAS a.s.,0,0
747,42,Banka CREDITAS a.s.,1,0
748,42,"BNP Paribas Personal Finance SA, odštěpný závod",0,1
749,42,"BNP Paribas Personal Finance SA, odštěpný závod",1,0
750,43,"Česká spořitelna, a.s.",0,14
751,43,"Česká spořitelna, a.s.",1,3
752,43,"Komerční banka, a.s.",0,6
753,43,"Komerční banka, a.s.",1,0
754,43,"Československá obchodní banka, a.s.",0,7
755,43,"Československá obchodní banka, a.s.",1,0
756,43,Equa bank a.s.,0,3
757,43,Equa bank a.s.,1,0
758,43,"MONETA Money Bank, a.s.",0,18
759,43,"MONETA Money Bank, a.s.",1,0
760,43,Raiffeisenbank a.s.,0,5
761,43,Raiffeisenbank a.s.,1,1
762,43,"UniCredit Bank Czech Republic and Slovakia, a.s.",0,2
763,43,"UniCredit Bank Czech Republic and Slovakia, a.s.",1,0
764,43,Air Bank a.s.,0,8
765,43,Air Bank a.s.,1,0
766,43,"Fio banka, a.s.",0,2
767,43,"Fio banka, a.s.",1,0
768,43,"mBank S.A., organizační složka",0,1
769,43,"mBank S.A., organizační složka",1,1
770,43,Anonymous Bank,0,0
771,43,Anonymous Bank,1,1
772,43,"Sberbank CZ, a.s.",0,0
773,43,"Sberbank CZ, a.s.",1,0
774,43,Waldviertler Sparkasse Bank AG,0,0
775,43,Waldviertler Sparkasse Bank AG,1,0
776,43,Banka CREDITAS a.s.,0,0
777,43,Banka CREDITAS a.s.,1,0
778,43,"BNP Paribas Personal Finance SA, odštěpný závod",0,0
779,43,"BNP Paribas Personal Finance SA, odštěpný závod",1,0
780,44,"Česká spořitelna, a.s.",0,8
781,44,"Česká spořitelna, a.s.",1,1
782,44,"Komerční banka, a.s.",0,7
783,44,"Komerční banka, a.s.",1,0
784,44,"Československá obchodní banka, a.s.",0,8
785,44,"Československá obchodní banka, a.s.",1,0
786,44,Equa bank a.s.,0,6
787,44,Equa bank a.s.,1,0
788,44,"MONETA Money Bank, a.s.",0,10
789,44,"MONETA Money Bank, a.s.",1,0
790,44,Raiffeisenbank a.s.,0,3
791,44,Raiffeisenbank a.s.,1,0
792,44,"UniCredit Bank Czech Republic and Slovakia, a.s.",0,2
793,44,"UniCredit Bank Czech Republic and Slovakia, a.s.",1,0
794,44,Air Bank a.s.,0,3
795,44,Air Bank a.s.,1,0
796,44,"Fio banka, a.s.",0,1
797,44,"Fio banka, a.s.",1,1
798,44,"mBank S.A., organizační složka",0,2
799,44,"mBank S.A., organizační složka",1,0
800,44,Anonymous Bank,0,0
801,44,Anonymous Bank,1,0
802,44,"Sberbank CZ, a.s.",0,0
803,44,"Sberbank CZ, a.s.",1,0
804,44,Waldviertler Sparkasse Bank AG,0,0
805,44,Waldviertler Sparkasse Bank AG,1,0
806,44,Banka CREDITAS a.s.,0,0
807,44,Banka CREDITAS a.s.,1,0
808,44,"BNP Paribas Personal Finance SA, odštěpný závod",0,0
809,44,"BNP Paribas Personal Finance SA, odštěpný závod",1,0
810,45,"Česká spořitelna, a.s.",0,14
811,45,"Česká spořitelna, a.s.",1,2
812,45,"Komerční banka, a.s.",0,4
813,45,"Komerční banka, a.s.",1,2
814,45,"Československá obchodní banka, a.s.",0,12
815,45,"Československá obchodní banka, a.s.",1,0
816,45,Equa bank a.s.,0,3
817,45,Equa bank a.s.,1,0
818,45,"MONETA Money Bank, a.s.",0,8
819,45,"MONETA Money Bank, a.s.",1,0
820,45,Raiffeisenbank a.s.,0,7
821,45,Raiffeisenbank a.s.,1,1
822,45,"UniCredit Bank Czech Republic and Slovakia, a.s.",0,0
823,45,"UniCredit Bank Czech Republic and Slovakia, a.s.",1,1
824,45,Air Bank a.s.,0,2
825,45,Air Bank a.s.,1,0
826,45,"Fio banka, a.s.",0,1
827,45,"Fio banka, a.s.",1,0
828,45,"mBank S.A., organizační složka",0,0
829,45,"mBank S.A., organizační složka",1,1
830,45,Anonymous Bank,0,1
831,45,Anonymous Bank,1,0
832,45,"Sberbank CZ, a.s.",0,0
833,45,"Sberbank CZ, a.s.",1,0
834,45,Waldviertler Sparkasse Bank AG,0,0
835,45,Waldviertler Sparkasse Bank AG,1,0
836,45,Banka CREDITAS a.s.,0,0
837,45,Banka CREDITAS a.s.,1,0
838,45,"BNP Paribas Personal Finance SA, odštěpný závod",0,0
839,45,"BNP Paribas Personal Finance SA, odštěpný závod",1,0
840,46,"Česká spořitelna, a.s.",0,20
841,46,"Česká spořitelna, a.s.",1,2
842,46,"Komerční banka, a.s.",0,4
843,46,"Komerční banka, a.s.",1,0
844,46,"Československá obchodní banka, a.s.",0,10
845,46,"Československá obchodní banka, a.s.",1,0
846,46,Equa bank a.s.,0,2
847,46,Equa bank a.s.,1,0
848,46,"MONETA Money Bank, a.s.",0,10
849,46,"MONETA Money Bank, a.s.",1,1
850,46,Raiffeisenbank a.s.,0,8
851,46,Raiffeisenbank a.s.,1,0
852,46,"UniCredit Bank Czech Republic and Slovakia, a.s.",0,1
853,46,"UniCredit Bank Czech Republic and Slovakia, a.s.",1,0
854,46,Air Bank a.s.,0,4
855,46,Air Bank a.s.,1,0
856,46,"Fio banka, a.s.",0,2
857,46,"Fio banka, a.s.",1,0
858,46,"mBank S.A., organizační složka",0,3
859,46,"mBank S.A., organizační složka",1,0
860,46,Anonymous Bank,0,0
861,46,Anonymous Bank,1,0
862,46,"Sberbank CZ, a.s.",0,1
863,46,"Sberbank CZ, a.s.",1,0
864,46,Waldviertler Sparkasse Bank AG,0,0
865,46,Waldviertler Sparkasse Bank AG,1,0
866,46,Banka CREDITAS a.s.,0,0
867,46,Banka CREDITAS a.s.,1,0
868,46,"BNP Paribas Personal Finance SA, odštěpný závod",0,0
869,46,"BNP Paribas Personal Finance SA, odštěpný závod",1,0
870,47,"Česká spořitelna, a.s.",0,16
871,47,"Česká spořitelna, a.s.",1,1
872,47,"Komerční banka, a.s.",0,5
873,47,"Komerční banka, a.s.",1,0
874,47,"Československá obchodní banka, a.s.",0,5
875,47,"Československá obchodní banka, a.s.",1,0
876,47,Equa bank a.s.,0,2
877,47,Equa bank a.s.,1,0
878,47,"MONETA Money Bank, a.s.",0,7
879,47,"MONETA Money Bank, a.s.",1,0
880,47,Raiffeisenbank a.s.,0,2
881,47,Raiffeisenbank a.s.,1,2
882,47,"UniCredit Bank Czech Republic and Slovakia, a.s.",0,0
883,47,"UniCredit Bank Czech Republic and Slovakia, a.s.",1,0
884,47,Air Bank a.s.,0,4
885,47,Air Bank a.s.,1,0
886,47,"Fio banka, a.s.",0,1
887,47,"Fio banka, a.s.",1,0
888,47,"mBank S.A., organizační složka",0,1
889,47,"mBank S.A., organizační složka",1,0
890,47,Anonymous Bank,0,0
891,47,Anonymous Bank,1,0
892,47,"Sberbank CZ, a.s.",0,2
893,47,"Sberbank CZ, a.s.",1,0
894,47,Waldviertler Sparkasse Bank AG,0,0
895,47,Waldviertler Sparkasse Bank AG,1,0
896,47,Banka CREDITAS a.s.,0,0
897,47,Banka CREDITAS a.s.,1,0
898,47,"BNP Paribas Personal Finance SA, odštěpný závod",0,0
899,47,"BNP Paribas Personal Finance SA, odštěpný závod",1,0
900,48,"Česká spořitelna, a.s.",0,9
901,48,"Česká spořitelna, a.s.",1,1
902,48,"Komerční banka, a.s.",0,7
903,48,"Komerční banka, a.s.",1,0
904,48,"Československá obchodní banka, a.s.",0,6
905,48,"Československá obchodní banka, a.s.",1,0
906,48,Equa bank a.s.,0,1
907,48,Equa bank a.s.,1,0
908,48,"MONETA Money Bank, a.s.",0,5
909,48,"MONETA Money Bank, a.s.",1,0
910,48,Raiffeisenbank a.s.,0,2
911,48,Raiffeisenbank a.s.,1,1
912,48,"UniCredit Bank Czech Republic and Slovakia, a.s.",0,0
913,48,"UniCredit Bank Czech Republic and Slovakia, a.s.",1,0
914,48,Air Bank a.s.,0,2
915,48,Air Bank a.s.,1,0
916,48,"Fio banka, a.s.",0,1
917,48,"Fio banka, a.s.",1,0
918,48,"mBank S.A., organizační složka",0,0
919,48,"mBank S.A., organizační složka",1,0
920,48,Anonymous Bank,0,0
921,48,Anonymous Bank,1,0
922,48,"Sberbank CZ, a.s.",0,0
923,48,"Sberbank CZ, a.s.",1,0
924,48,Waldviertler Sparkasse Bank AG,0,0
925,48,Waldviertler Sparkasse Bank AG,1,0
926,48,Banka CREDITAS a.s.,0,0
927,48,Banka CREDITAS a.s.,1,0
928,48,"BNP Paribas Personal Finance SA, odštěpný závod",0,0
929,48,"BNP Paribas Personal Finance SA, odštěpný závod",1,0
930,49,"Česká spořitelna, a.s.",0,6
931,49,"Česká spořitelna, a.s.",1,3
932,49,"Komerční banka, a.s.",0,3
933,49,"Komerční banka, a.s.",1,0
934,49,"Československá obchodní banka, a.s.",0,5
935,49,"Československá obchodní banka, a.s.",1,0
936,49,Equa bank a.s.,0,1
937,49,Equa bank a.s.,1,0
938,49,"MONETA Money Bank, a.s.",0,9
939,49,"MONETA Money Bank, a.s.",1,1
940,49,Raiffeisenbank a.s.,0,3
941,49,Raiffeisenbank a.s.,1,2
942,49,"UniCredit Bank Czech Republic and Slovakia, a.s.",0,0
943,49,"UniCredit Bank Czech Republic and Slovakia, a.s.",1,0
944,49,Air Bank a.s.,0,1
945,49,Air Bank a.s.,1,0
946,49,"Fio banka, a.s.",0,2
947,49,"Fio banka, a.s.",1,0
948,49,"mBank S.A., organizační složka",0,0
949,49,"mBank S.A., organizační složka",1,0
950,49,Anonymous Bank,0,0
951,49,Anonymous Bank,1,0
952,49,"Sberbank CZ, a.s.",0,0
953,49,"Sberbank CZ, a.s.",1,0
954,49,Waldviertler Sparkasse Bank AG,0,0
955,49,Waldviertler Sparkasse Bank AG,1,0
956,49,Banka CREDITAS a.s.,0,0
957,49,Banka CREDITAS a.s.,1,0
958,49,"BNP Paribas Personal Finance SA, odštěpný závod",0,0
959,49,"BNP Paribas Personal Finance SA, odštěpný závod",1,0
960,50,"Česká spořitelna, a.s.",0,5
961,50,"Česká spořitelna, a.s.",1,0
962,50,"Komerční banka, a.s.",0,4
963,50,"Komerční banka, a.s.",1,0
964,50,"Československá obchodní banka, a.s.",0,7
965,50,"Československá obchodní banka, a.s.",1,0
966,50,Equa bank a.s.,0,5
967,50,Equa bank a.s.,1,0
968,50,"MONETA Money Bank, a.s.",0,5
969,50,"MONETA Money Bank, a.s.",1,0
970,50,Raiffeisenbank a.s.,0,2
971,50,Raiffeisenbank a.s.,1,0
972,50,"UniCredit Bank Czech Republic and Slovakia, a.s.",0,0
973,50,"UniCredit Bank Czech Republic and Slovakia, a.s.",1,0
974,50,Air Bank a.s.,0,4
975,50,Air Bank a.s.,1,0
976,50,"Fio banka, a.s.",0,2
977,50,"Fio banka, a.s.",1,0
978,50,"mBank S.A., organizační složka",0,0
979,50,"mBank S.A., organizační složka",1,0
980,50,Anonymous Bank,0,0
981,50,Anonymous Bank,1,0
982,50,"Sberbank CZ, a.s.",0,0
983,50,"Sberbank CZ, a.s.",1,0
984,50,Waldviertler Sparkasse Bank AG,0,0
985,50,Waldviertler Sparkasse Bank AG,1,0
986,50,Banka CREDITAS a.s.,0,0
987,50,Banka CREDITAS a.s.,1,0
988,50,"BNP Paribas Personal Finance SA, odštěpný závod",0,0
989,50,"BNP Paribas Personal Finance SA, odštěpný závod",1,0
990,51,"Česká spořitelna, a.s.",0,3
991,51,"Česká spořitelna, a.s.",1,1
992,51,"Komerční banka, a.s.",0,3
993,51,"Komerční banka, a.s.",1,0
994,51,"Československá obchodní banka, a.s.",0,4
995,51,"Československá obchodní banka, a.s.",1,0
996,51,Equa bank a.s.,0,2
997,51,Equa bank a.s.,1,1
998,51,"MONETA Money Bank, a.s.",0,2
999,51,"MONETA Money Bank, a.s.",1,0
1000,51,Raiffeisenbank a.s.,0,2
1001,51,Raiffeisenbank a.s.,1,0
1002,51,"UniCredit Bank Czech Republic and Slovakia, a.s.",0,1
1003,51,"UniCredit Bank Czech Republic and Slovakia, a.s.",1,0
1004,51,Air Bank a.s.,0,3
1005,51,Air Bank a.s.,1,0
1006,51,"Fio banka, a.s.",0,2
1007,51,"Fio banka, a.s.",1,0
1008,51,"mBank S.A., organizační složka",0,0
1009,51,"mBank S.A., organizační složka",1,0
1010,51,Anonymous Bank,0,0
1011,51,Anonymous Bank,1,0
1012,51,"Sberbank CZ, a.s.",0,0
1013,51,"Sberbank CZ, a.s.",1,0
1014,51,Waldviertler Sparkasse Bank AG,0,0
1015,51,Waldviertler Sparkasse Bank AG,1,0
1016,51,Banka CREDITAS a.s.,0,0
1017,51,Banka CREDITAS a.s.,1,0
1018,51,"BNP Paribas Personal Finance SA, odštěpný závod",0,0
1019,51,"BNP Paribas Personal Finance SA, odštěpný závod",1,0
1020,52,"Česká spořitelna, a.s.",0,8
1021,52,"Česká spořitelna, a.s.",1,2
1022,52,"Komerční banka, a.s.",0,3
1023,52,"Komerční banka, a.s.",1,0
1024,52,"Československá obchodní banka, a.s.",0,4
1025,52,"Československá obchodní banka, a.s.",1,0
1026,52,Equa bank a.s.,0,0
1027,52,Equa bank a.s.,1,0
1028,52,"MONETA Money Bank, a.s.",0,1
1029,52,"MONETA Money Bank, a.s.",1,1
1030,52,Raiffeisenbank a.s.,0,1
1031,52,Raiffeisenbank a.s.,1,1
1032,52,"UniCredit Bank Czech Republic and Slovakia, a.s.",0,0
1033,52,"UniCredit Bank Czech Republic and Slovakia, a.s.",1,0
1034,52,Air Bank a.s.,0,1
1035,52,Air Bank a.s.,1,0
1036,52,"Fio banka, a.s.",0,1
1037,52,"Fio banka, a.s.",1,0
1038,52,"mBank S.A., organizační složka",0,1
1039,52,"mBank S.A., organizační složka",1,1
1040,52,Anonymous Bank,0,0
1041,52,Anonymous Bank,1,0
1042,52,"Sberbank CZ, a.s.",0,0
1043,52,"Sberbank CZ, a.s.",1,0
1044,52,Waldviertler Sparkasse Bank AG,0,0
1045,52,Waldviertler Sparkasse Bank AG,1,0
1046,52,Banka CREDITAS a.s.,0,0
1047,52,Banka CREDITAS a.s.,1,0
1048,52,"BNP Paribas Personal Finance SA, odštěpný závod",0,1
1049,52,"BNP Paribas Personal Finance SA, odštěpný závod",1,0
1050,53,"Česká spořitelna, a.s.",0,7
1051,53,"Česká spořitelna, a.s.",1,2
1052,53,"Komerční banka, a.s.",0,1
1053,53,"Komerční banka, a.s.",1,0
1054,53,"Československá obchodní banka, a.s.",0,3
1055,53,"Československá obchodní banka, a.s.",1,0
1056,53,Equa bank a.s.,0,2
1057,53,Equa bank a.s.,1,0
1058,53,"MONETA Money Bank, a.s.",0,3
1059,53,"MONETA Money Bank, a.s.",1,0
1060,53,Raiffeisenbank a.s.,0,0
1061,53,Raiffeisenbank a.s.,1,2
1062,53,"UniCredit Bank Czech Republic and Slovakia, a.s.",0,1
1063,53,"UniCredit Bank Czech Republic and Slovakia, a.s.",1,0
1064,53,Air Bank a.s.,0,2
1065,53,Air Bank a.s.,1,0
1066,53,"Fio banka, a.s.",0,1
1067,53,"Fio banka, a.s.",1,0
1068,53,"mBank S.A., organizační složka",0,1
1069,53,"mBank S.A., organizační složka",1,0
1070,53,Anonymous Bank,0,0
1071,53,Anonymous Bank,1,0
1072,53,"Sberbank CZ, a.s.",0,0
1073,53,"Sberbank CZ, a.s.",1,0
1074,53,Waldviertler Sparkasse Bank AG,0,0
1075,53,Waldviertler Sparkasse Bank AG,1,0
1076,53,Banka CREDITAS a.s.,0,0
1077,53,Banka CREDITAS a.s.,1,0
1078,53,"BNP Paribas Personal Finance SA, odštěpný závod",0,0
1079,53,"BNP Paribas Personal Finance SA, odštěpný závod",1,0
1080,54,"Česká spořitelna, a.s.",0,2
1081,54,"Česká spořitelna, a.s.",1,0
1082,54,"Komerční banka, a.s.",0,0
1083,54,"Komerční banka, a.s.",1,0
1084,54,"Československá obchodní banka, a.s.",0,8
1085,54,"Československá obchodní banka, a.s.",1,1
1086,54,Equa bank a.s.,0,0
1087,54,Equa bank a.s.,1,0
1088,54,"MONETA Money Bank, a.s.",0,4
1089,54,"MONETA Money Bank, a.s.",1,0
1090,54,Raiffeisenbank a.s.,0,2
1091,54,Raiffeisenbank a.s.,1,1
1092,54,"UniCredit Bank Czech Republic and Slovakia, a.s.",0,0
1093,54,"UniCredit Bank Czech Republic and Slovakia, a.s.",1,0
1094,54,Air Bank a.s.,0,2
1095,54,Air Bank a.s.,1,1
1096,54,"Fio banka, a.s.",0,1
1097,54,"Fio banka, a.s.",1,0
1098,54,"mBank S.A., organizační složka",0,1
1099,54,"mBank S.A., organizační složka",1,1
1100,54,Anonymous Bank,0,1
1101,54,Anonymous Bank,1,0
1102,54,"Sberbank CZ, a.s.",0,0
1103,54,"Sberbank CZ, a.s.",1,0
1104,54,Waldviertler Sparkasse Bank AG,0,0
1105,54,Waldviertler Sparkasse Bank AG,1,0
1106,54,Banka CREDITAS a.s.,0,0
1107,54,Banka CREDITAS a.s.,1,0
1108,54,"BNP Paribas Personal Finance SA, odštěpný závod",0,0
1109,54,"BNP Paribas Personal Finance SA, odštěpný závod",1,0
1110,55,"Česká spořitelna, a.s.",0,3
1111,55,"Česká spořitelna, a.s.",1,1
1112,55,"Komerční banka, a.s.",0,2
1113,55,"Komerční banka, a.s.",1,0
1114,55,"Československá obchodní banka, a.s.",0,5
1115,55,"Československá obchodní banka, a.s.",1,0
1116,55,Equa bank a.s.,0,0
1117,55,Equa bank a.s.,1,0
1118,55,"MONETA Money Bank, a.s.",0,5
1119,55,"MONETA Money Bank, a.s.",1,0
1120,55,Raiffeisenbank a.s.,0,0
1121,55,Raiffeisenbank a.s.,1,0
1122,55,"UniCredit Bank Czech Republic and Slovakia, a.s.",0,1
1123,55,"UniCredit Bank Czech Republic and Slovakia, a.s.",1,0
1124,55,Air Bank a.s.,0,4
1125,55,Air Bank a.s.,1,0
1126,55,"Fio banka, a.s.",0,0
1127,55,"Fio banka, a.s.",1,0
1128,55,"mBank S.A., organizační složka",0,1
1129,55,"mBank S.A., organizační složka",1,0
1130,55,Anonymous Bank,0,0
1131,55,Anonymous Bank,1,0
1132,55,"Sberbank CZ, a.s.",0,0
1133,55,"Sberbank CZ, a.s.",1,0
1134,55,Waldviertler Sparkasse Bank AG,0,0
1135,55,Waldviertler Sparkasse Bank AG,1,0
1136,55,Banka CREDITAS a.s.,0,0
1137,55,Banka CREDITAS a.s.,1,0
1138,55,"BNP Paribas Personal Finance SA, odštěpný závod",0,0
1139,55,"BNP Paribas Personal Finance SA, odštěpný závod",1,0
1140,56,"Česká spořitelna, a.s.",0,5
1141,56,"Česká spořitelna, a.s.",1,4
1142,56,"Komerční banka, a.s.",0,1
1143,56,"Komerční banka, a.s.",1,0
1144,56,"Československá obchodní banka, a.s.",0,2
1145,56,"Československá obchodní banka, a.s.",1,0
1146,56,Equa bank a.s.,0,1
1147,56,Equa bank a.s.,1,0
1148,56,"MONETA Money Bank, a.s.",0,4
1149,56,"MONETA Money Bank, a.s.",1,0
1150,56,Raiffeisenbank a.s.,0,0
1151,56,Raiffeisenbank a.s.,1,1
1152,56,"UniCredit Bank Czech Republic and Slovakia, a.s.",0,1
1153,56,"UniCredit Bank Czech Republic and Slovakia, a.s.",1,0
1154,56,Air Bank a.s.,0,0
1155,56,Air Bank a.s.,1,0
1156,56,"Fio banka, a.s.",0,0
1157,56,"Fio banka, a.s.",1,0
1158,56,"mBank S.A., organizační složka",0,1
1159,56,"mBank S.A., organizační složka",1,0
1160,56,Anonymous Bank,0,0
1161,56,Anonymous Bank,1,0
1162,56,"Sberbank CZ, a.s.",0,0
1163,56,"Sberbank CZ, a.s.",1,0
1164,56,Waldviertler Sparkasse Bank AG,0,0
1165,56,Waldviertler Sparkasse Bank AG,1,0
1166,56,Banka CREDITAS a.s.,0,0
1167,56,Banka CREDITAS a.s.,1,0
1168,56,"BNP Paribas Personal Finance SA, odštěpný závod",0,0
1169,56,"BNP Paribas Personal Finance SA, odštěpný závod",1,0
1170,57,"Česká spořitelna, a.s.",0,2
1171,57,"Česká spořitelna, a.s.",1,2
1172,57,"Komerční banka, a.s.",0,2
1173,57,"Komerční banka, a.s.",1,0
1174,57,"Československá obchodní banka, a.s.",0,2
1175,57,"Československá obchodní banka, a.s.",1,0
1176,57,Equa bank a.s.,0,0
1177,57,Equa bank a.s.,1,0
1178,57,"MONETA Money Bank, a.s.",0,1
1179,57,"MONETA Money Bank, a.s.",1,0
1180,57,Raiffeisenbank a.s.,0,0
1181,57,Raiffeisenbank a.s.,1,0
1182,57,"UniCredit Bank Czech Republic and Slovakia, a.s.",0,1
1183,57,"UniCredit Bank Czech Republic and Slovakia, a.s.",1,0
1184,57,Air Bank a.s.,0,0
1185,57,Air Bank a.s.,1,0
1186,57,"Fio banka, a.s.",0,0
1187,57,"Fio banka, a.s.",1,0
1188,57,"mBank S.A., organizační složka",0,1
1189,57,"mBank S.A., organizační složka",1,1
1190,57,Anonymous Bank,0,1
1191,57,Anonymous Bank,1,0
1192,57,"Sberbank CZ, a.s.",0,0
1193,57,"Sberbank CZ, a.s.",1,0
1194,57,Waldviertler Sparkasse Bank AG,0,0
1195,57,Waldviertler Sparkasse Bank AG,1,0
1196,57,Banka CREDITAS a.s.,0,0
1197,57,Banka CREDITAS a.s.,1,0
1198,57,"BNP Paribas Personal Finance SA, odštěpný závod",0,0
1199,57,"BNP Paribas Personal Finance SA, odštěpný závod",1,0
1200,58,"Česká spořitelna, a.s.",0,4
1201,58,"Česká spořitelna, a.s.",1,0
1202,58,"Komerční banka, a.s.",0,1
1203,58,"Komerční banka, a.s.",1,0
1204,58,"Československá obchodní banka, a.s.",0,2
1205,58,"Československá obchodní banka, a.s.",1,0
1206,58,Equa bank a.s.,0,0
1207,58,Equa bank a.s.,1,0
1208,58,"MONETA Money Bank, a.s.",0,1
1209,58,"MONETA Money Bank, a.s.",1,0
1210,58,Raiffeisenbank a.s.,0,0
1211,58,Raiffeisenbank a.s.,1,0
1212,58,"UniCredit Bank Czech Republic and Slovakia, a.s.",0,0
1213,58,"UniCredit Bank Czech Republic and Slovakia, a.s.",1,0
1214,58,Air Bank a.s.,0,2
1215,58,Air Bank a.s.,1,0
1216,58,"Fio banka, a.s.",0,0
1217,58,"Fio banka, a.s.",1,0
1218,58,"mBank S.A., organizační složka",0,0
1219,58,"mBank S.A., organizační složka",1,0
1220,58,Anonymous Bank,0,0
1221,58,Anonymous Bank,1,0
1222,58,"Sberbank CZ, a.s.",0,0
1223,58,"Sberbank CZ, a.s.",1,0
1224,58,Waldviertler Sparkasse Bank AG,0,0
1225,58,Waldviertler Sparkasse Bank AG,1,0
1226,58,Banka CREDITAS a.s.,0,0
1227,58,Banka CREDITAS a.s.,1,0
1228,58,"BNP Paribas Personal Finance SA, odštěpný závod",0,0
1229,58,"BNP Paribas Personal Finance SA, odštěpný závod",1,0
1230,59,"Česká spořitelna, a.s.",0,2
1231,59,"Česká spořitelna, a.s.",1,0
1232,59,"Komerční banka, a.s.",0,1
1233,59,"Komerční banka, a.s.",1,0
1234,59,"Československá obchodní banka, a.s.",0,4
1235,59,"Československá obchodní banka, a.s.",1,0
1236,59,Equa bank a.s.,0,1
1237,59,Equa bank a.s.,1,0
1238,59,"MONETA Money Bank, a.s.",0,1
1239,59,"MONETA Money Bank, a.s.",1,0
1240,59,Raiffeisenbank a.s.,0,0
1241,59,Raiffeisenbank a.s.,1,0
1242,59,"UniCredit Bank Czech Republic and Slovakia, a.s.",0,1
1243,59,"UniCredit Bank Czech Republic and Slovakia, a.s.",1,0
1244,59,Air Bank a.s.,0,2
1245,59,Air Bank a.s.,1,0
1246,59,"Fio banka, a.s.",0,1
1247,59,"Fio banka, a.s.",1,0
1248,59,"mBank S.A., organizační složka",0,0
1249,59,"mBank S.A., organizační složka",1,0
1250,59,Anonymous Bank,0,0
1251,59,Anonymous Bank,1,0
1252,59,"Sberbank CZ, a.s.",0,0
1253,59,"Sberbank CZ, a.s.",1,0
1254,59,Waldviertler Sparkasse Bank AG,0,0
1255,59,Waldviertler Sparkasse Bank AG,1,0
1256,59,Banka CREDITAS a.s.,0,0
1257,59,Banka CREDITAS a.s.,1,0
1258,59,"BNP Paribas Personal Finance SA, odštěpný závod",0,0
1259,59,"BNP Paribas Personal Finance SA, odštěpný závod",1,0
1260,60,"Česká spořitelna, a.s.",0,2
1261,60,"Česká spořitelna, a.s.",1,0
1262,60,"Komerční banka, a.s.",0,0
1263,60,"Komerční banka, a.s.",1,0
1264,60,"Československá obchodní banka, a.s.",0,1
1265,60,"Československá obchodní banka, a.s.",1,1
1266,60,Equa bank a.s.,0,0
1267,60,Equa bank a.s.,1,0
1268,60,"MONETA Money Bank, a.s.",0,2
1269,60,"MONETA Money Bank, a.s.",1,0
1270,60,Raiffeisenbank a.s.,0,0
1271,60,Raiffeisenbank a.s.,1,1
1272,60,"UniCredit Bank Czech Republic and Slovakia, a.s.",0,0
1273,60,"UniCredit Bank Czech Republic and Slovakia, a.s.",1,0
1274,60,Air Bank a.s.,0,2
1275,60,Air Bank a.s.,1,1
1276,60,"Fio banka, a.s.",0,0
1277,60,"Fio banka, a.s.",1,0
1278,60,"mBank S.A., organizační složka",0,0
1279,60,"mBank S.A., organizační složka",1,0
1280,60,Anonymous Bank,0,0
1281,60,Anonymous Bank,1,0
1282,60,"Sberbank CZ, a.s.",0,0
1283,60,"Sberbank CZ, a.s.",1,0
1284,60,Waldviertler Sparkasse Bank AG,0,0
1285,60,Waldviertler Sparkasse Bank AG,1,0
1286,60,Banka CREDITAS a.s.,0,0
1287,60,Banka CREDITAS a.s.,1,0
1288,60,"BNP Paribas Personal Finance SA, odštěpný závod",0,0
1289,60,"BNP Paribas Personal Finance SA, odštěpný závod",1,0
1290,61,"Česká spořitelna, a.s.",0,2
1291,61,"Česká spořitelna, a.s.",1,2
1292,61,"Komerční banka, a.s.",0,0
1293,61,"Komerční banka, a.s.",1,0
1294,61,"Československá obchodní banka, a.s.",0,1
1295,61,"Československá obchodní banka, a.s.",1,0
1296,61,Equa bank a.s.,0,1
1297,61,Equa bank a.s.,1,0
1298,61,"MONETA Money Bank, a.s.",0,1
1299,61,"MONETA Money Bank, a.s.",1,0
1300,61,Raiffeisenbank a.s.,0,1
1301,61,Raiffeisenbank a.s.,1,1
1302,61,"UniCredit Bank Czech Republic and Slovakia, a.s.",0,0
1303,61,"UniCredit Bank Czech Republic and Slovakia, a.s.",1,0
1304,61,Air Bank a.s.,0,2
1305,61,Air Bank a.s.,1,0
1306,61,"Fio banka, a.s.",0,1
1307,61,"Fio banka, a.s.",1,0
1308,61,"mBank S.A., organizační složka",0,1
1309,61,"mBank S.A., organizační složka",1,0
1310,61,Anonymous Bank,0,0
1311,61,Anonymous Bank,1,0
1312,61,"Sberbank CZ, a.s.",0,0
1313,61,"Sberbank CZ, a.s.",1,0
1314,61,Waldviertler Sparkasse Bank AG,0,0
1315,61,Waldviertler Sparkasse Bank AG,1,0
1316,61,Banka CREDITAS a.s.,0,0
1317,61,Banka CREDITAS a.s.,1,0
1318,61,"BNP Paribas Personal Finance SA, odštěpný závod",0,0
1319,61,"BNP Paribas Personal Finance SA, odštěpný závod",1,0
1320,62,"Česká spořitelna, a.s.",0,6
1321,62,"Česká spořitelna, a.s.",1,2
1322,62,"Komerční banka, a.s.",0,1
1323,62,"Komerční banka, a.s.",1,0
1324,62,"Československá obchodní banka, a.s.",0,0
1325,62,"Československá obchodní banka, a.s.",1,0
1326,62,Equa bank a.s.,0,0
1327,62,Equa bank a.s.,1,0
1328,62,"MONETA Money Bank, a.s.",0,1
1329,62,"MONETA Money Bank, a.s.",1,1
1330,62,Raiffeisenbank a.s.,0,0
1331,62,Raiffeisenbank a.s.,1,0
1332,62,"UniCredit Bank Czech Republic and Slovakia, a.s.",0,0
1333,62,"UniCredit Bank Czech Republic and Slovakia, a.s.",1,0
1334,62,Air Bank a.s.,0,3
1335,62,Air Bank a.s.,1,0
1336,62,"Fio banka, a.s.",0,0
1337,62,"Fio banka, a.s.",1,0
1338,62,"mBank S.A., organizační složka",0,0
1339,62,"mBank S.A., organizační složka",1,0
1340,62,Anonymous Bank,0,0
1341,62,Anonymous Bank,1,0
1342,62,"Sberbank CZ, a.s.",0,0
1343,62,"Sberbank CZ, a.s.",1,0
1344,62,Waldviertler Sparkasse Bank AG,0,0
1345,62,Waldviertler Sparkasse Bank AG,1,0
1346,62,Banka CREDITAS a.s.,0,0
1347,62,Banka CREDITAS a.s.,1,0
1348,62,"BNP Paribas Personal Finance SA, odštěpný závod",0,0
1349,62,"BNP Paribas Personal Finance SA, odštěpný závod",1,0
1350,63,"Česká spořitelna, a.s.",0,2
1351,63,"Česká spořitelna, a.s.",1,2
1352,63,"Komerční banka, a.s.",0,0
1353,63,"Komerční banka, a.s.",1,0
1354,63,"Československá obchodní banka, a.s.",0,1
1355,63,"Československá obchodní banka, a.s.",1,0
1356,63,Equa bank a.s.,0,0
1357,63,Equa bank a.s.,1,0
1358,63,"MONETA Money Bank, a.s.",0,2
1359,63,"MONETA Money Bank, a.s.",1,0
1360,63,Raiffeisenbank a.s.,0,1
1361,63,Raiffeisenbank a.s.,1,1
1362,63,"UniCredit Bank Czech Republic and Slovakia, a.s.",0,0
1363,63,"UniCredit Bank Czech Republic and Slovakia, a.s.",1,0
1364,63,Air Bank a.s.,0,3
1365,63,Air Bank a.s.,1,0
1366,63,"Fio banka, a.s.",0,0
1367,63,"Fio banka, a.s.",1,0
1368,63,"mBank S.A., organizační složka",0,0
1369,63,"mBank S.A., organizační složka",1,0
1370,63,Anonymous Bank,0,0
1371,63,Anonymous Bank,1,0
1372,63,"Sberbank CZ, a.s.",0,0
1373,63,"Sberbank CZ, a.s.",1,0
1374,63,Waldviertler Sparkasse Bank AG,0,0
1375,63,Waldviertler Sparkasse Bank AG,1,0
1376,63,Banka CREDITAS a.s.,0,0
1377,63,Banka CREDITAS a.s.,1,0
1378,63,"BNP Paribas Personal Finance SA, odštěpný závod",0,0
1379,63,"BNP Paribas Personal Finance SA, odštěpný závod",1,0
1380,64,"Česká spořitelna, a.s.",0,1
1381,64,"Česká spořitelna, a.s.",1,0
1382,64,"Komerční banka, a.s.",0,4
1383,64,"Komerční banka, a.s.",1,0
1384,64,"Československá obchodní banka, a.s.",0,0
1385,64,"Československá obchodní banka, a.s.",1,0
1386,64,Equa bank a.s.,0,0
1387,64,Equa bank a.s.,1,0
1388,64,"MONETA Money Bank, a.s.",0,0
1389,64,"MONETA Money Bank, a.s.",1,0
1390,64,Raiffeisenbank a.s.,0,0
1391,64,Raiffeisenbank a.s.,1,1
1392,64,"UniCredit Bank Czech Republic and Slovakia, a.s.",0,0
1393,64,"UniCredit Bank Czech Republic and Slovakia, a.s.",1,0
1394,64,Air Bank a.s.,0,0
1395,64,Air Bank a.s.,1,0
1396,64,"Fio banka, a.s.",0,0
1397,64,"Fio banka, a.s.",1,0
1398,64,"mBank S.A., organizační složka",0,0
1399,64,"mBank S.A., organizační složka",1,0
1400,64,Anonymous Bank,0,0
1401,64,Anonymous Bank,1,0
1402,64,"Sberbank CZ, a.s.",0,0
1403,64,"Sberbank CZ, a.s.",1,0
1404,64,Waldviertler Sparkasse Bank AG,0,0
1405,64,Waldviertler Sparkasse Bank AG,1,0
1406,64,Banka CREDITAS a.s.,0,0
1407,64,Banka CREDITAS a.s.,1,0
1408,64,"BNP Paribas Personal Finance SA, odštěpný závod",0,0
1409,64,"BNP Paribas Personal Finance SA, odštěpný závod",1,0
1410,65,"Česká spořitelna, a.s.",0,1
1411,65,"Česká spořitelna, a.s.",1,0
1412,65,"Komerční banka, a.s.",0,1
1413,65,"Komerční banka, a.s.",1,0
1414,65,"Československá obchodní banka, a.s.",0,0
1415,65,"Československá obchodní banka, a.s.",1,0
1416,65,Equa bank a.s.,0,0
1417,65,Equa bank a.s.,1,1
1418,65,"MONETA Money Bank, a.s.",0,2
1419,65,"MONETA Money Bank, a.s.",1,0
1420,65,Raiffeisenbank a.s.,0,1
1421,65,Raiffeisenbank a.s.,1,0
1422,65,"UniCredit Bank Czech Republic and Slovakia, a.s.",0,0
1423,65,"UniCredit Bank Czech Republic and Slovakia, a.s.",1,0
1424,65,Air Bank a.s.,0,0
1425,65,Air Bank a.s.,1,0
1426,65,"Fio banka, a.s.",0,0
1427,65,"Fio banka, a.s.",1,0
1428,65,"mBank S.A., organizační složka",0,0
1429,65,"mBank S.A., organizační složka",1,0
1430,65,Anonymous Bank,0,0
1431,65,Anonymous Bank,1,0
1432,65,"Sberbank CZ, a.s.",0,0
1433,65,"Sberbank CZ, a.s.",1,0
1434,65,Waldviertler Sparkasse Bank AG,0,0
1435,65,Waldviertler Sparkasse Bank AG,1,0
1436,65,Banka CREDITAS a.s.,0,0
1437,65,Banka CREDITAS a.s.,1,0
1438,65,"BNP Paribas Personal Finance SA, odštěpný závod",0,0
1439,65,"BNP Paribas Personal Finance SA, odštěpný závod",1,0
1440,66,"Česká spořitelna, a.s.",0,3
1441,66,"Česká spořitelna, a.s.",1,0
1442,66,"Komerční banka, a.s.",0,1
1443,66,"Komerční banka, a.s.",1,0
1444,66,"Československá obchodní banka, a.s.",0,2
1445,66,"Československá obchodní banka, a.s.",1,1
1446,66,Equa bank a.s.,0,3
1447,66,Equa bank a.s.,1,0
1448,66,"MONETA Money Bank, a.s.",0,2
1449,66,"MONETA Money Bank, a.s.",1,0
1450,66,Raiffeisenbank a.s.,0,0
1451,66,Raiffeisenbank a.s.,1,0
1452,66,"UniCredit Bank Czech Republic and Slovakia, a.s.",0,0
1453,66,"UniCredit Bank Czech Republic and Slovakia, a.s.",1,0
1454,66,Air Bank a.s.,0,0
1455,66,Air Bank a.s.,1,1
1456,66,"Fio banka, a.s.",0,0
1457,66,"Fio banka, a.s.",1,0
1458,66,"mBank S.A., organizační složka",0,0
1459,66,"mBank S.A., organizační složka",1,0
1460,66,Anonymous Bank,0,1
1461,66,Anonymous Bank,1,0
1462,66,"Sberbank CZ, a.s.",0,0
1463,66,"Sberbank CZ, a.s.",1,0
1464,66,Waldviertler Sparkasse Bank AG,0,0
1465,66,Waldviertler Sparkasse Bank AG,1,0
1466,66,Banka CREDITAS a.s.,0,0
1467,66,Banka CREDITAS a.s.,1,0
1468,66,"BNP Paribas Personal Finance SA, odštěpný závod",0,0
1469,66,"BNP Paribas Personal Finance SA, odštěpný závod",1,0
1470,67,"Česká spořitelna, a.s.",0,1
1471,67,"Česká spořitelna, a.s.",1,0
1472,67,"Komerční banka, a.s.",0,0
1473,67,"Komerční banka, a.s.",1,0
1474,67,"Československá obchodní banka, a.s.",0,0
1475,67,"Československá obchodní banka, a.s.",1,1
1476,67,Equa bank a.s.,0,0
1477,67,Equa bank a.s.,1,0
1478,67,"MONETA Money Bank, a.s.",0,3
1479,67,"MONETA Money Bank, a.s.",1,0
1480,67,Raiffeisenbank a.s.,0,0
1481,67,Raiffeisenbank a.s.,1,0
1482,67,"UniCredit Bank Czech Republic and Slovakia, a.s.",0,0
1483,67,"UniCredit Bank Czech Republic and Slovakia, a.s.",1,0
1484,67,Air Bank a.s.,0,1
1485,67,Air Bank a.s.,1,1
1486,67,"Fio banka, a.s.",0,0
1487,67,"Fio banka, a.s.",1,0
1488,67,"mBank S.A., organizační složka",0,0
1489,67,"mBank S.A., organizační složka",1,0
1490,67,Anonymous Bank,0,0
1491,67,Anonymous Bank,1,0
1492,67,"Sberbank CZ, a.s.",0,0
1493,67,"Sberbank CZ, a.s.",1,0
1494,67,Waldviertler Sparkasse Bank AG,0,0
1495,67,Waldviertler Sparkasse Bank AG,1,0
1496,67,Banka CREDITAS a.s.,0,0
1497,67,Banka CREDITAS a.s.,1,0
1498,67,"BNP Paribas Personal Finance SA, odštěpný závod",0,0
1499,67,"BNP Paribas Personal Finance SA, odštěpný závod",1,0
1500,68,"Česká spořitelna, a.s.",0,1
1501,68,"Česká spořitelna, a.s.",1,0
1502,68,"Komerční banka, a.s.",0,0
1503,68,"Komerční banka, a.s.",1,0
1504,68,"Československá obchodní banka, a.s.",0,1
1505,68,"Československá obchodní banka, a.s.",1,0
1506,68,Equa bank a.s.,0,0
1507,68,Equa bank a.s.,1,0
1508,68,"MONETA Money Bank, a.s.",0,0
1509,68,"MONETA Money Bank, a.s.",1,0
1510,68,Raiffeisenbank a.s.,0,0
1511,68,Raiffeisenbank a.s.,1,0
1512,68,"UniCredit Bank Czech Republic and Slovakia, a.s.",0,0
1513,68,"UniCredit Bank Czech Republic and Slovakia, a.s.",1,1
1514,68,Air Bank a.s.,0,0
1515,68,Air Bank a.s.,1,0
1516,68,"Fio banka, a.s.",0,0
1517,68,"Fio banka, a.s.",1,0
1518,68,"mBank S.A., organizační složka",0,0
1519,68,"mBank S.A., organizační složka",1,0
1520,68,Anonymous Bank,0,0
1521,68,Anonymous Bank,1,0
1522,68,"Sberbank CZ, a.s.",0,0
1523,68,"Sberbank CZ, a.s.",1,0
1524,68,Waldviertler Sparkasse Bank AG,0,0
1525,68,Waldviertler Sparkasse Bank AG,1,0
1526,68,Banka CREDITAS a.s.,0,0
1527,68,Banka CREDITAS a.s.,1,0
1528,68,"BNP Paribas Personal Finance SA, odštěpný závod",0,0
1529,68,"BNP Paribas Personal Finance SA, odštěpný závod",1,0
1530,69,"Česká spořitelna, a.s.",0,1
1531,69,"Česká spořitelna, a.s.",1,0
1532,69,"Komerční banka, a.s.",0,0
1533,69,"Komerční banka, a.s.",1,0
1534,69,"Československá obchodní banka, a.s.",0,0
1535,69,"Československá obchodní banka, a.s.",1,0
1536,69,Equa bank a.s.,0,0
1537,69,Equa bank a.s.,1,0
1538,69,"MONETA Money Bank, a.s.",0,1
1539,69,"MONETA Money Bank, a.s.",1,0
1540,69,Raiffeisenbank a.s.,0,0
1541,69,Raiffeisenbank a.s.,1,0
1542,69,"UniCredit Bank Czech Republic and Slovakia, a.s.",0,0
1543,69,"UniCredit Bank Czech Republic and Slovakia, a.s.",1,0
1544,69,Air Bank a.s.,0,3
1545,69,Air Bank a.s.,1,1
1546,69,"Fio banka, a.s.",0,0
1547,69,"Fio banka, a.s.",1,0
1548,69,"mBank S.A., organizační složka",0,0
1549,69,"mBank S.A., organizační složka",1,0
1550,69,Anonymous Bank,0,0
1551,69,Anonymous Bank,1,0
1552,69,"Sberbank CZ, a.s.",0,0
1553,69,"Sberbank CZ, a.s.",1,0
1554,69,Waldviertler Sparkasse Bank AG,0,0
1555,69,Waldviertler Sparkasse Bank AG,1,0
1556,69,Banka CREDITAS a.s.,0,0
1557,69,Banka CREDITAS a.s.,1,0
1558,69,"BNP Paribas Personal Finance SA, odštěpný závod",0,0
1559,69,"BNP Paribas Personal Finance SA, odštěpný závod",1,0
1560,70,"Česká spořitelna, a.s.",0,3
1561,70,"Česká spořitelna, a.s.",1,0
1562,70,"Komerční banka, a.s.",0,2
1563,70,"Komerční banka, a.s.",1,0
1564,70,"Československá obchodní banka, a.s.",0,0
1565,70,"Československá obchodní banka, a.s.",1,2
1566,70,Equa bank a.s.,0,0
1567,70,Equa bank a.s.,1,0
1568,70,"MONETA Money Bank, a.s.",0,1
1569,70,"MONETA Money Bank, a.s.",1,1
1570,70,Raiffeisenbank a.s.,0,1
1571,70,Raiffeisenbank a.s.,1,0
1572,70,"UniCredit Bank Czech Republic and Slovakia, a.s.",0,0
1573,70,"UniCredit Bank Czech Republic and Slovakia, a.s.",1,0
1574,70,Air Bank a.s.,0,0
1575,70,Air Bank a.s.,1,0
1576,70,"Fio banka, a.s.",0,0
1577,70,"Fio banka, a.s.",1,0
1578,70,"mBank S.A., organizační složka",0,0
1579,70,"mBank S.A., organizační složka",1,0
1580,70,Anonymous Bank,0,2
1581,70,Anonymous Bank,1,0
1582,70,"Sberbank CZ, a.s.",0,0
1583,70,"Sberbank CZ, a.s.",1,0
1584,70,Waldviertler Sparkasse Bank AG,0,0
1585,70,Waldviertler Sparkasse Bank AG,1,0
1586,70,Banka CREDITAS a.s.,0,0
1587,70,Banka CREDITAS a.s.,1,0
1588,70,"BNP Paribas Personal Finance SA, odštěpný závod",0,0
1589,70,"BNP Paribas Personal Finance SA, odštěpný závod",1,0
1590,71,"Česká spořitelna, a.s.",0,5
1591,71,"Česká spořitelna, a.s.",1,0
1592,71,"Komerční banka, a.s.",0,1
1593,71,"Komerční banka, a.s.",1,0
1594,71,"Československá obchodní banka, a.s.",0,1
1595,71,"Československá obchodní banka, a.s.",1,0
1596,71,Equa bank a.s.,0,1
1597,71,Equa bank a.s.,1,0
1598,71,"MONETA Money Bank, a.s.",0,1
1599,71,"MONETA Money Bank, a.s.",1,0
1600,71,Raiffeisenbank a.s.,0,0
1601,71,Raiffeisenbank a.s.,1,0
1602,71,"UniCredit Bank Czech Republic and Slovakia, a.s.",0,0
1603,71,"UniCredit Bank Czech Republic and Slovakia, a.s.",1,0
1604,71,Air Bank a.s.,0,0
1605,71,Air Bank a.s.,1,0
1606,71,"Fio banka, a.s.",0,1
1607,71,"Fio banka, a.s.",1,0
1608,71,"mBank S.A., organizační složka",0,0
1609,71,"mBank S.A., organizační složka",1,0
1610,71,Anonymous Bank,0,0
1611,71,Anonymous Bank,1,0
1612,71,"Sberbank CZ, a.s.",0,0
1613,71,"Sberbank CZ, a.s.",1,0
1614,71,Waldviertler Sparkasse Bank AG,0,0
1615,71,Waldviertler Sparkasse Bank AG,1,0
1616,71,Banka CREDITAS a.s.,0,0
1617,71,Banka CREDITAS a.s.,1,0
1618,71,"BNP Paribas Personal Finance SA, odštěpný závod",0,0
1619,71,"BNP Paribas Personal Finance SA, odštěpný závod",1,0
1620,72,"Česká spořitelna, a.s.",0,0
1621,72,"Česká spořitelna, a.s.",1,0
1622,72,"Komerční banka, a.s.",0,0
1623,72,"Komerční banka, a.s.",1,0
1624,72,"Československá obchodní banka, a.s.",0,1
1625,72,"Československá obchodní banka, a.s.",1,0
1626,72,Equa bank a.s.,0,0
1627,72,Equa bank a.s.,1,0
1628,72,"MONETA Money Bank, a.s.",0,0
1629,72,"MONETA Money Bank, a.s.",1,0
1630,72,Raiffeisenbank a.s.,0,0
1631,72,Raiffeisenbank a.s.,1,0
1632,72,"UniCredit Bank Czech Republic and Slovakia, a.s.",0,0
1633,72,"UniCredit Bank Czech Republic and Slovakia, a.s.",1,0
1634,72,Air Bank a.s.,0,0
1635,72,Air Bank a.s.,1,0
1636,72,"Fio banka, a.s.",0,0
1637,72,"Fio banka, a.s.",1,0
1638,72,"mBank S.A., organizační složka",0,0
1639,72,"mBank S.A., organizační složka",1,0
1640,72,Anonymous Bank,0,0
1641,72,Anonymous Bank,1,0
1642,72,"Sberbank CZ, a.s.",0,0
1643,72,"Sberbank CZ, a.s.",1,0
1644,72,Waldviertler Sparkasse Bank AG,0,0
1645,72,Waldviertler Sparkasse Bank AG,1,0
1646,72,Banka CREDITAS a.s.,0,0
1647,72,Banka CREDITAS a.s.,1,0
1648,72,"BNP Paribas Personal Finance SA, odštěpný závod",0,0
1649,72,"BNP Paribas Personal Finance SA, odštěpný závod",1,0
1650,73,"Česká spořitelna, a.s.",0,3
1651,73,"Česká spořitelna, a.s.",1,1
1652,73,"Komerční banka, a.s.",0,0
1653,73,"Komerční banka, a.s.",1,0
1654,73,"Československá obchodní banka, a.s.",0,0
1655,73,"Československá obchodní banka, a.s.",1,0
1656,73,Equa bank a.s.,0,1
1657,73,Equa bank a.s.,1,0
1658,73,"MONETA Money Bank, a.s.",0,1
1659,73,"MONETA Money Bank, a.s.",1,0
1660,73,Raiffeisenbank a.s.,0,0
1661,73,Raiffeisenbank a.s.,1,0
1662,73,"UniCredit Bank Czech Republic and Slovakia, a.s.",0,0
1663,73,"UniCredit Bank Czech Republic and Slovakia, a.s.",1,0
1664,73,Air Bank a.s.,0,1
1665,73,Air Bank a.s.,1,0
1666,73,"Fio banka, a.s.",0,0
1667,73,"Fio banka, a.s.",1,0
1668,73,"mBank S.A., organizační složka",0,0
1669,73,"mBank S.A., organizační složka",1,0
1670,73,Anonymous Bank,0,0
1671,73,Anonymous Bank,1,0
1672,73,"Sberbank CZ, a.s.",0,0
1673,73,"Sberbank CZ, a.s.",1,0
1674,73,Waldviertler Sparkasse Bank AG,0,0
1675,73,Waldviertler Sparkasse Bank AG,1,0
1676,73,Banka CREDITAS a.s.,0,0
1677,73,Banka CREDITAS a.s.,1,0
1678,73,"BNP Paribas Personal Finance SA, odštěpný závod",0,0
1679,73,"BNP Paribas Personal Finance SA, odštěpný závod",1,0
1680,74,"Česká spořitelna, a.s.",0,1
1681,74,"Česká spořitelna, a.s.",1,0
1682,74,"Komerční banka, a.s.",0,1
1683,74,"Komerční banka, a.s.",1,0
1684,74,"Československá obchodní banka, a.s.",0,1
1685,74,"Československá obchodní banka, a.s.",1,0
1686,74,Equa bank a.s.,0,0
1687,74,Equa bank a.s.,1,0
1688,74,"MONETA Money Bank, a.s.",0,0
1689,74,"MONETA Money Bank, a.s.",1,0
1690,74,Raiffeisenbank a.s.,0,0
1691,74,Raiffeisenbank a.s.,1,0
1692,74,"UniCredit Bank Czech Republic and Slovakia, a.s.",0,0
1693,74,"UniCredit Bank Czech Republic and Slovakia, a.s.",1,0
1694,74,Air Bank a.s.,0,0
1695,74,Air Bank a.s.,1,0
1696,74,"Fio banka, a.s.",0,0
1697,74,"Fio banka, a.s.",1,0
1698,74,"mBank S.A., organizační složka",0,0
1699,74,"mBank S.A., organizační složka",1,0
1700,74,Anonymous Bank,0,0
1701,74,Anonymous Bank,1,0
1702,74,"Sberbank CZ, a.s.",0,0
1703,74,"Sberbank CZ, a.s.",1,0
1704,74,Waldviertler Sparkasse Bank AG,0,0
1705,74,Waldviertler Sparkasse Bank AG,1,0
1706,74,Banka CREDITAS a.s.,0,0
1707,74,Banka CREDITAS a.s.,1,0
1708,74,"BNP Paribas Personal Finance SA, odštěpný závod",0,0
1709,74,"BNP Paribas Personal Finance SA, odštěpný závod",1,0
1710,75,"Česká spořitelna, a.s.",0,2
1711,75,"Česká spořitelna, a.s.",1,0
1712,75,"Komerční banka, a.s.",0,0
1713,75,"Komerční banka, a.s.",1,0
1714,75,"Československá obchodní banka, a.s.",0,0
1715,75,"Československá obchodní banka, a.s.",1,0
1716,75,Equa bank a.s.,0,0
1717,75,Equa bank a.s.,1,0
1718,75,"MONETA Money Bank, a.s.",0,1
1719,75,"MONETA Money Bank, a.s.",1,0
1720,75,Raiffeisenbank a.s.,0,0
1721,75,Raiffeisenbank a.s.,1,0
1722,75,"UniCredit Bank Czech Republic and Slovakia, a.s.",0,0
1723,75,"UniCredit Bank Czech Republic and Slovakia, a.s.",1,0
1724,75,Air Bank a.s.,0,0
1725,75,Air Bank a.s.,1,0
1726,75,"Fio banka, a.s.",0,0
1727,75,"Fio banka, a.s.",1,0
1728,75,"mBank S.A., organizační složka",0,0
1729,75,"mBank S.A., organizační složka",1,0
1730,75,Anonymous Bank,0,0
1731,75,Anonymous Bank,1,0
1732,75,"Sberbank CZ, a.s.",0,0
1733,75,"Sberbank CZ, a.s.",1,0
1734,75,Waldviertler Sparkasse Bank AG,0,0
1735,75,Waldviertler Sparkasse Bank AG,1,0
1736,75,Banka CREDITAS a.s.,0,0
1737,75,Banka CREDITAS a.s.,1,0
1738,75,"BNP Paribas Personal Finance SA, odštěpný závod",0,0
1739,75,"BNP Paribas Personal Finance SA, odštěpný závod",1,0
1740,76,"Česká spořitelna, a.s.",0,2
1741,76,"Česká spořitelna, a.s.",1,0
1742,76,"Komerční banka, a.s.",0,0
1743,76,"Komerční banka, a.s.",1,0
1744,76,"Československá obchodní banka, a.s.",0,0
1745,76,"Československá obchodní banka, a.s.",1,0
1746,76,Equa bank a.s.,0,0
1747,76,Equa bank a.s.,1,0
1748,76,"MONETA Money Bank, a.s.",0,0
1749,76,"MONETA Money Bank, a.s.",1,0
1750,76,Raiffeisenbank a.s.,0,0
1751,76,Raiffeisenbank a.s.,1,0
1752,76,"UniCredit Bank Czech Republic and Slovakia, a.s.",0,0
1753,76,"UniCredit Bank Czech Republic and Slovakia, a.s.",1,0
1754,76,Air Bank a.s.,0,0
1755,76,Air Bank a.s.,1,0
1756,76,"Fio banka, a.s.",0,0
1757,76,"Fio banka, a.s.",1,0
1758,76,"mBank S.A., organizační složka",0,0
1759,76,"mBank S.A., organizační složka",1,0
1760,76,Anonymous Bank,0,0
1761,76,Anonymous Bank,1,0
1762,76,"Sberbank CZ, a.s.",0,0
1763,76,"Sberbank CZ, a.s.",1,0
1764,76,Waldviertler Sparkasse Bank AG,0,0
1765,76,Waldviertler Sparkasse Bank AG,1,0
1766,76,Banka CREDITAS a.s.,0,0
1767,76,Banka CREDITAS a.s.,1,0
1768,76,"BNP Paribas Personal Finance SA, odštěpný závod",0,0
1769,76,"BNP Paribas Personal Finance SA, odštěpný závod",1,0
1770,77,"Česká spořitelna, a.s.",0,0
1771,77,"Česká spořitelna, a.s.",1,0
1772,77,"Komerční banka, a.s.",0,0
1773,77,"Komerční banka, a.s.",1,0
1774,77,"Československá obchodní banka, a.s.",0,0
1775,77,"Československá obchodní banka, a.s.",1,0
1776,77,Equa bank a.s.,0,0
1777,77,Equa bank a.s.,1,0
1778,77,"MONETA Money Bank, a.s.",0,0
1779,77,"MONETA Money Bank, a.s.",1,0
1780,77,Raiffeisenbank a.s.,0,0
1781,77,Raiffeisenbank a.s.,1,0
1782,77,"UniCredit Bank Czech Republic and Slovakia, a.s.",0,0
1783,77,"UniCredit Bank Czech Republic and Slovakia, a.s.",1,0
1784,77,Air Bank a.s.,0,0
1785,77,Air Bank a.s.,1,0
1786,77,"Fio banka, a.s.",0,0
1787,77,"Fio banka, a.s.",1,0
1788,77,"mBank S.A., organizační složka",0,0
1789,77,"mBank S.A., organizační složka",1,0
1790,77,Anonymous Bank,0,0
1791,77,Anonymous Bank,1,0
1792,77,"Sberbank CZ, a.s.",0,0
1793,77,"Sberbank CZ, a.s.",1,0
1794,77,Waldviertler Sparkasse Bank AG,0,0
1795,77,Waldviertler Sparkasse Bank AG,1,0
1796,77,Banka CREDITAS a.s.,0,0
1797,77,Banka CREDITAS a.s.,1,0
1798,77,"BNP Paribas Personal Finance SA, odštěpný závod",0,0
1799,77,"BNP Paribas Personal Finance SA, odštěpný závod",1,0
1800,78,"Česká spořitelna, a.s.",0,0
1801,78,"Česká spořitelna, a.s.",1,0
1802,78,"Komerční banka, a.s.",0,0
1803,78,"Komerční banka, a.s.",1,0
1804,78,"Československá obchodní banka, a.s.",0,0
1805,78,"Československá obchodní banka, a.s.",1,0
1806,78,Equa bank a.s.,0,0
1807,78,Equa bank a.s.,1,0
1808,78,"MONETA Money Bank, a.s.",0,0
1809,78,"MONETA Money Bank, a.s.",1,0
1810,78,Raiffeisenbank a.s.,0,0
1811,78,Raiffeisenbank a.s.,1,0
1812,78,"UniCredit Bank Czech Republic and Slovakia, a.s.",0,0
1813,78,"UniCredit Bank Czech Republic and Slovakia, a.s.",1,0
1814,78,Air Bank a.s.,0,0
1815,78,Air Bank a.s.,1,0
1816,78,"Fio banka, a.s.",0,0
1817,78,"Fio banka, a.s.",1,0
1818,78,"mBank S.A., organizační složka",0,0
1819,78,"mBank S.A., organizační složka",1,0
1820,78,Anonymous Bank,0,0
1821,78,Anonymous Bank,1,0
1822,78,"Sberbank CZ, a.s.",0,0
1823,78,"Sberbank CZ, a.s.",1,0
1824,78,Waldviertler Sparkasse Bank AG,0,0
1825,78,Waldviertler Sparkasse Bank AG,1,0
1826,78,Banka CREDITAS a.s.,0,0
1827,78,Banka CREDITAS a.s.,1,0
1828,78,"BNP Paribas Personal Finance SA, odštěpný závod",0,0
1829,78,"BNP Paribas Personal Finance SA, odštěpný závod",1,0
1830,79,"Česká spořitelna, a.s.",0,0
1831,79,"Česká spořitelna, a.s.",1,0
1832,79,"Komerční banka, a.s.",0,0
1833,79,"Komerční banka, a.s.",1,0
1834,79,"Československá obchodní banka, a.s.",0,0
1835,79,"Československá obchodní banka, a.s.",1,0
1836,79,Equa bank a.s.,0,0
1837,79,Equa bank a.s.,1,0
1838,79,"MONETA Money Bank, a.s.",0,0
1839,79,"MONETA Money Bank, a.s.",1,0
1840,79,Raiffeisenbank a.s.,0,0
1841,79,Raiffeisenbank a.s.,1,0
1842,79,"UniCredit Bank Czech Republic and Slovakia, a.s.",0,0
1843,79,"UniCredit Bank Czech Republic and Slovakia, a.s.",1,0
1844,79,Air Bank a.s.,0,0
1845,79,Air Bank a.s.,1,0
1846,79,"Fio banka, a.s.",0,0
1847,79,"Fio banka, a.s.",1,0
1848,79,"mBank S.A., organizační složka",0,0
1849,79,"mBank S.A., organizační složka",1,0
1850,79,Anonymous Bank,0,0
1851,79,Anonymous Bank,1,0
1852,79,"Sberbank CZ, a.s.",0,0
1853,79,"Sberbank CZ, a.s.",1,0
1854,79,Waldviertler Sparkasse Bank AG,0,0
1855,79,Waldviertler Sparkasse Bank AG,1,0
1856,79,Banka CREDITAS a.s.,0,0
1857,79,Banka CREDITAS a.s.,1,0
1858,79,"BNP Paribas Personal Finance SA, odštěpný závod",0,0
1859,79,"BNP Paribas Personal Finance SA, odštěpný závod",1,0
1860,80,"Česká spořitelna, a.s.",0,0
1861,80,"Česká spořitelna, a.s.",1,1
1862,80,"Komerční banka, a.s.",0,0
1863,80,"Komerční banka, a.s.",1,0
1864,80,"Československá obchodní banka, a.s.",0,0
1865,80,"Československá obchodní banka, a.s.",1,0
1866,80,Equa bank a.s.,0,0
1867,80,Equa bank a.s.,1,0
1868,80,"MONETA Money Bank, a.s.",0,0
1869,80,"MONETA Money Bank, a.s.",1,0
1870,80,Raiffeisenbank a.s.,0,0
1871,80,Raiffeisenbank a.s.,1,0
1872,80,"UniCredit Bank Czech Republic and Slovakia, a.s.",0,0
1873,80,"UniCredit Bank Czech Republic and Slovakia, a.s.",1,0
1874,80,Air Bank a.s.,0,0
1875,80,Air Bank a.s.,1,0
1876,80,"Fio banka, a.s.",0,0
1877,80,"Fio banka, a.s.",1,0
1878,80,"mBank S.A., organizační složka",0,0
1879,80,"mBank S.A., organizační složka",1,0
1880,80,Anonymous Bank,0,0
1881,80,Anonymous Bank,1,0
1882,80,"Sberbank CZ, a.s.",0,0
1883,80,"Sberbank CZ, a.s.",1,0
1884,80,Waldviertler Sparkasse Bank AG,0,0
1885,80,Waldviertler Sparkasse Bank AG,1,0
1886,80,Banka CREDITAS a.s.,0,0
1887,80,Banka CREDITAS a.s.,1,0
1888,80,"BNP Paribas Personal Finance SA, odštěpný závod",0,0
1889,80,"BNP Paribas Personal Finance SA, odštěpný závod",1,0
1890,81,"Česká spořitelna, a.s.",0,0
1891,81,"Česká spořitelna, a.s.",1,0
1892,81,"Komerční banka, a.s.",0,0
1893,81,"Komerční banka, a.s.",1,0
1894,81,"Československá obchodní banka, a.s.",0,0
1895,81,"Československá obchodní banka, a.s.",1,0
1896,81,Equa bank a.s.,0,0
1897,81,Equa bank a.s.,1,0
1898,81,"MONETA Money Bank, a.s.",0,0
1899,81,"MONETA Money Bank, a.s.",1,0
1900,81,Raiffeisenbank a.s.,0,0
1901,81,Raiffeisenbank a.s.,1,0
1902,81,"UniCredit Bank Czech Republic and Slovakia, a.s.",0,0
1903,81,"UniCredit Bank Czech Republic and Slovakia, a.s.",1,0
1904,81,Air Bank a.s.,0,0
1905,81,Air Bank a.s.,1,0
1906,81,"Fio banka, a.s.",0,0
1907,81,"Fio banka, a.s.",1,0
1908,81,"mBank S.A., organizační složka",0,0
1909,81,"mBank S.A., organizační složka",1,0
1910,81,Anonymous Bank,0,0
1911,81,Anonymous Bank,1,0
1912,81,"Sberbank CZ, a.s.",0,0
1913,81,"Sberbank CZ, a.s.",1,0
1914,81,Waldviertler Sparkasse Bank AG,0,0
1915,81,Waldviertler Sparkasse Bank AG,1,0
1916,81,Banka CREDITAS a.s.,0,0
1917,81,Banka CREDITAS a.s.,1,0
1918,81,"BNP Paribas Personal Finance SA, odštěpný závod",0,0
1919,81,"BNP Paribas Personal Finance SA, odštěpný závod",1,0
1920,82,"Česká spořitelna, a.s.",0,0
1921,82,"Česká spořitelna, a.s.",1,0
1922,82,"Komerční banka, a.s.",0,0
1923,82,"Komerční banka, a.s.",1,0
1924,82,"Československá obchodní banka, a.s.",0,0
1925,82,"Československá obchodní banka, a.s.",1,0
1926,82,Equa bank a.s.,0,0
1927,82,Equa bank a.s.,1,0
1928,82,"MONETA Money Bank, a.s.",0,0
1929,82,"MONETA Money Bank, a.s.",1,0
1930,82,Raiffeisenbank a.s.,0,0
1931,82,Raiffeisenbank a.s.,1,0
1932,82,"UniCredit Bank Czech Republic and Slovakia, a.s.",0,0
1933,82,"UniCredit Bank Czech Republic and Slovakia, a.s.",1,0
1934,82,Air Bank a.s.,0,0
1935,82,Air Bank a.s.,1,0
1936,82,"Fio banka, a.s.",0,0
1937,82,"Fio banka, a.s.",1,0
1938,82,"mBank S.A., organizační složka",0,0
1939,82,"mBank S.A., organizační složka",1,0
1940,82,Anonymous Bank,0,0
1941,82,Anonymous Bank,1,0
1942,82,"Sberbank CZ, a.s.",0,0
1943,82,"Sberbank CZ, a.s.",1,0
1944,82,Waldviertler Sparkasse Bank AG,0,0
1945,82,Waldviertler Sparkasse Bank AG,1,0
1946,82,Banka CREDITAS a.s.,0,0
1947,82,Banka CREDITAS a.s.,1,0
1948,82,"BNP Paribas Personal Finance SA, odštěpný závod",0,0
1949,82,"BNP Paribas Personal Finance SA, odštěpný závod",1,0
1950,83,"Česká spořitelna, a.s.",0,0
1951,83,"Česká spořitelna, a.s.",1,0
1952,83,"Komerční banka, a.s.",0,0
1953,83,"Komerční banka, a.s.",1,0
1954,83,"Československá obchodní banka, a.s.",0,1
1955,83,"Československá obchodní banka, a.s.",1,0
1956,83,Equa bank a.s.,0,0
1957,83,Equa bank a.s.,1,0
1958,83,"MONETA Money Bank, a.s.",0,0
1959,83,"MONETA Money Bank, a.s.",1,0
1960,83,Raiffeisenbank a.s.,0,0
1961,83,Raiffeisenbank a.s.,1,0
1962,83,"UniCredit Bank Czech Republic and Slovakia, a.s.",0,0
1963,83,"UniCredit Bank Czech Republic and Slovakia, a.s.",1,0
1964,83,Air Bank a.s.,0,0
1965,83,Air Bank a.s.,1,0
1966,83,"Fio banka, a.s.",0,0
1967,83,"Fio banka, a.s.",1,0
1968,83,"mBank S.A., organizační složka",0,0
1969,83,"mBank S.A., organizační složka",1,0
1970,83,Anonymous Bank,0,0
1971,83,Anonymous Bank,1,0
1972,83,"Sberbank CZ, a.s.",0,0
1973,83,"Sberbank CZ, a.s.",1,0
1974,83,Waldviertler Sparkasse Bank AG,0,0
1975,83,Waldviertler Sparkasse Bank AG,1,0
1976,83,Banka CREDITAS a.s.,0,0
1977,83,Banka CREDITAS a.s.,1,0
1978,83,"BNP Paribas Personal Finance SA, odštěpný závod",0,0
1979,83,"BNP Paribas Personal Finance SA, odštěpný závod",1,0
1980,84,"Česká spořitelna, a.s.",0,1
1981,84,"Česká spořitelna, a.s.",1,0
1982,84,"Komerční banka, a.s.",0,0
1983,84,"Komerční banka, a.s.",1,0
1984,84,"Československá obchodní banka, a.s.",0,0
1985,84,"Československá obchodní banka, a.s.",1,0
1986,84,Equa bank a.s.,0,0
1987,84,Equa bank a.s.,1,0
1988,84,"MONETA Money Bank, a.s.",0,0
1989,84,"MONETA Money Bank, a.s.",1,0
1990,84,Raiffeisenbank a.s.,0,0
1991,84,Raiffeisenbank a.s.,1,0
1992,84,"UniCredit Bank Czech Republic and Slovakia, a.s.",0,0
1993,84,"UniCredit Bank Czech Republic and Slovakia, a.s.",1,0
1994,84,Air Bank a.s.,0,0
1995,84,Air Bank a.s.,1,0
1996,84,"Fio banka, a.s.",0,0
1997,84,"Fio banka, a.s.",1,0
1998,84,"mBank S.A., organizační složka",0,0
1999,84,"mBank S.A., organizační složka",1,0
2000,84,Anonymous Bank,0,0
2001,84,Anonymous Bank,1,0
2002,84,"Sberbank CZ, a.s.",0,0
2003,84,"Sberbank CZ, a.s.",1,0
2004,84,Waldviertler Sparkasse Bank AG,0,0
2005,84,Waldviertler Sparkasse Bank AG,1,0
2006,84,Banka CREDITAS a.s.,0,0
2007,84,Banka CREDITAS a.s.,1,0
2008,84,"BNP Paribas Personal Finance SA, odštěpný závod",0,0
2009,84,"BNP Paribas Personal Finance SA, odštěpný závod",1,0
